1,2023-07-03 13:15:22,152.3,11.63
2,2023-07-03 13:15:29,151.61,12.05
3,2023-07-03 13:15:33,153.42,11.96
4,2023-07-03 13:15:38,151.78,10.79
5,2023-07-03 13:15:46,151.84,12.68
6,2023-07-03 13:15:49,152.02,9.02
7,2023-07-03 13:15:51,151.45,10.13
8,2023-07-03 13:15:56,149.17,11.9
9,2023-07-03 13:16:01,150.08,11.22
10,2023-07-03 13:16:02,152.27,13.43
11,2023-07-03 13:16:08,152.91,9.78
12,2023-07-03 13:16:09,152.18,10.99
13,2023-07-03 13:16:11,152.04,11.75
14,2023-07-03 13:16:15,153.23,10.37
15,2023-07-03 13:16:24,154.4,8.77
16,2023-07-03 13:16:33,156.81,8.91
17,2023-07-03 13:16:33,155.82,10.15
18,2023-07-03 13:16:42,157.81,7.9
19,2023-07-03 13:16:47,159.06,10.15
20,2023-07-03 13:16:56,160.08,8.93
21,2023-07-03 13:17:03,163.54,11.44
22,2023-07-03 13:17:03,165.12,5.54
23,2023-07-03 13:17:07,167.88,7.05
24,2023-07-03 13:17:15,168.24,12.43
25,2023-07-03 13:17:15,168.36,9.11
26,2023-07-03 13:17:23,167.68,7.32
27,2023-07-03 13:17:26,168.33,15.75
28,2023-07-03 13:17:31,166.75,9.31
29,2023-07-03 13:17:32,166.17,10.62
30,2023-07-03 13:17:35,166.02,9.68
31,2023-07-03 13:17:36,166.17,8.46
32,2023-07-03 13:17:40,168.77,9.92
33,2023-07-03 13:17:41,168.68,7.97
34,2023-07-03 13:17:48,168.21,10.3
35,2023-07-03 13:17:57,168.95,9.83
36,2023-07-03 13:18:03,170.1,11.33
37,2023-07-03 13:18:11,172.83,10.43
38,2023-07-03 13:18:19,172.2,8.02
39,2023-07-03 13:18:24,171.6,7.9
40,2023-07-03 13:18:32,173.2,10.79
41,2023-07-03 13:18:40,174,8.78
42,2023-07-03 13:18:45,176.25,7.89
43,2023-07-03 13:18:51,180.1,12.83
44,2023-07-03 13:18:54,180.99,10.54
45,2023-07-03 13:18:59,180.98,9.31
46,2023-07-03 13:19:08,179.44,12.41
47,2023-07-03 13:19:10,179.44,9.74
48,2023-07-03 13:19:10,180.37,7.71
49,2023-07-03 13:19:14,182.36,8.5
50,2023-07-03 13:19:15,181.42,9.06
51,2023-07-03 13:19:15,183.37,8.64
52,2023-07-03 13:19:18,186.42,12.74
53,2023-07-03 13:19:23,185.61,10.94
54,2023-07-03 13:19:32,184.46,10.65
55,2023-07-03 13:19:38,182.97,13.56
56,2023-07-03 13:19:40,183.03,10.4
57,2023-07-03 13:19:47,183.99,11.34
58,2023-07-03 13:19:49,184.35,11.71
59,2023-07-03 13:19:55,184.41,8.73
60,2023-07-03 13:19:59,180.37,9
61,2023-07-03 13:20:05,180.79,10.68
62,2023-07-03 13:20:09,178.18,10.27
63,2023-07-03 13:20:17,180.56,10.75
64,2023-07-03 13:20:24,182.36,9.21
65,2023-07-03 13:20:26,183.39,10.09
66,2023-07-03 13:20:26,183,7.68
67,2023-07-03 13:20:33,185.31,9.81
68,2023-07-03 13:20:34,187.47,9.11
69,2023-07-03 13:20:34,184.1,9.03
70,2023-07-03 13:20:37,183.55,11.09
71,2023-07-03 13:20:37,186.19,8.82
72,2023-07-03 13:20:43,183.23,8.72
73,2023-07-03 13:20:52,186.35,8.7
74,2023-07-03 13:21:00,183.83,6.56
75,2023-07-03 13:21:00,182.2,10.93
76,2023-07-03 13:21:08,179.76,11.57
77,2023-07-03 13:21:09,178.87,9.19
78,2023-07-03 13:21:14,180.54,8.93
79,2023-07-03 13:21:14,180.57,10.08
80,2023-07-03 13:21:23,181.94,11.68
81,2023-07-03 13:21:27,179.99,9.8
82,2023-07-03 13:21:33,178.13,9.71
83,2023-07-03 13:21:36,177.3,9.32
84,2023-07-03 13:21:45,175.83,7.31
85,2023-07-03 13:21:51,176.27,6.85
86,2023-07-03 13:21:57,176.42,11.25
87,2023-07-03 13:22:06,176.52,9.26
88,2023-07-03 13:22:10,177.32,13.06
89,2023-07-03 13:22:11,178.78,8.73
90,2023-07-03 13:22:13,179.03,8.92
91,2023-07-03 13:22:13,178.63,11.81
92,2023-07-03 13:22:18,178.69,6.91
93,2023-07-03 13:22:24,179.15,10.05
94,2023-07-03 13:22:26,178.96,12.64
95,2023-07-03 13:22:28,178.42,13.19
96,2023-07-03 13:22:35,176.19,6.06
97,2023-07-03 13:22:43,174.61,9
98,2023-07-03 13:22:45,177.67,9.06
99,2023-07-03 13:22:47,179.15,10.9
100,2023-07-03 13:22:56,181.73,9.39
101,2023-07-03 13:23:05,181.59,11.25
102,2023-07-03 13:23:12,186.6,11.43
103,2023-07-03 13:23:13,184.58,8.61
104,2023-07-03 13:23:14,183.45,10.74
105,2023-07-03 13:23:22,183.16,13.35
106,2023-07-03 13:23:25,184.46,9.64
107,2023-07-03 13:23:31,184.06,7.89
108,2023-07-03 13:23:31,185.76,8.16
109,2023-07-03 13:23:36,186.41,12.26
110,2023-07-03 13:23:40,185.73,9.17
111,2023-07-03 13:23:44,184,10.22
112,2023-07-03 13:23:50,182.52,10
113,2023-07-03 13:23:51,185.4,9.62
114,2023-07-03 13:24:00,183.77,12.48
115,2023-07-03 13:24:08,184.32,7.68
116,2023-07-03 13:24:16,183.24,7.98
117,2023-07-03 13:24:17,184.59,11.05
118,2023-07-03 13:24:19,185.03,10.27
119,2023-07-03 13:24:21,186.33,9.04
120,2023-07-03 13:24:21,186.4,8.14
121,2023-07-03 13:24:27,185.94,6.97
122,2023-07-03 13:24:31,186.53,11.28
123,2023-07-03 13:24:36,182.29,10.17
124,2023-07-03 13:24:42,180.55,8.8
125,2023-07-03 13:24:46,180.84,11.36
126,2023-07-03 13:24:48,182.48,9.4
127,2023-07-03 13:24:49,183.15,9.13
128,2023-07-03 13:24:51,184.49,8.98
129,2023-07-03 13:24:57,186.64,9.22
130,2023-07-03 13:24:58,187.6,9.03
131,2023-07-03 13:24:58,185.55,7.16
132,2023-07-03 13:25:05,182.48,12.39
133,2023-07-03 13:25:09,185.58,10.85
134,2023-07-03 13:25:13,183.99,12.97
135,2023-07-03 13:25:14,183.5,9.74
136,2023-07-03 13:25:19,181.2,9.2
137,2023-07-03 13:25:25,182.72,10.42
138,2023-07-03 13:25:25,182.97,12.17
139,2023-07-03 13:25:33,179.34,10.96
140,2023-07-03 13:25:42,178.53,11.27
141,2023-07-03 13:25:42,180.98,10.65
142,2023-07-03 13:25:44,182.58,6.73
143,2023-07-03 13:25:48,181.08,8.59
144,2023-07-03 13:25:49,180.83,9.59
145,2023-07-03 13:25:50,181.72,9.34
146,2023-07-03 13:25:51,178.52,9.53
147,2023-07-03 13:25:59,179.35,9.36
148,2023-07-03 13:26:08,178.8,7.1
149,2023-07-03 13:26:09,181.37,8.34
150,2023-07-03 13:26:18,180.52,13.04
151,2023-07-03 13:26:21,179.88,8.03
152,2023-07-03 13:26:22,179.6,9.75
153,2023-07-03 13:26:30,177.3,8.52
154,2023-07-03 13:26:35,178.81,10.43
155,2023-07-03 13:26:36,178.07,7.7
156,2023-07-03 13:26:37,180.13,10.96
157,2023-07-03 13:26:38,181.52,7.4
158,2023-07-03 13:26:40,181.23,11.11
159,2023-07-03 13:26:43,180.73,10.98
160,2023-07-03 13:26:45,181.25,7.32
161,2023-07-03 13:26:46,183.34,10.34
162,2023-07-03 13:26:48,183.56,10.41
163,2023-07-03 13:26:52,182.42,11.78
164,2023-07-03 13:27:00,183.73,11.37
165,2023-07-03 13:27:01,183,11.74
166,2023-07-03 13:27:03,184.98,9.16
167,2023-07-03 13:27:11,182.71,7.91
168,2023-07-03 13:27:19,184.32,9.91
169,2023-07-03 13:27:26,181.53,11.39
170,2023-07-03 13:27:26,181.58,11.87
171,2023-07-03 13:27:33,185.61,5.35
172,2023-07-03 13:27:34,185.9,8.44
173,2023-07-03 13:27:41,186.13,8.09
174,2023-07-03 13:27:43,184.84,9.91
175,2023-07-03 13:27:46,187.76,11.65
176,2023-07-03 13:27:52,188.26,8.8
177,2023-07-03 13:27:55,187.97,8.67
178,2023-07-03 13:28:02,188.22,6.76
179,2023-07-03 13:28:08,189.01,8.94
180,2023-07-03 13:28:13,190.15,8.4
181,2023-07-03 13:28:16,189.38,9.52
182,2023-07-03 13:28:19,189.87,9.93
183,2023-07-03 13:28:28,188.56,11.22
184,2023-07-03 13:28:29,187.04,7.89
185,2023-07-03 13:28:36,184.37,9.03
186,2023-07-03 13:28:43,185.7,5.48
187,2023-07-03 13:28:50,187.55,10.59
188,2023-07-03 13:28:58,189.12,9.6
189,2023-07-03 13:29:01,186.87,12.44
190,2023-07-03 13:29:04,185.87,9.56
191,2023-07-03 13:29:08,186.11,11.38
192,2023-07-03 13:29:11,188.11,9.45
193,2023-07-03 13:29:18,188.41,9.55
194,2023-07-03 13:29:22,187.5,9.58
195,2023-07-03 13:29:30,187.44,5.86
196,2023-07-03 13:29:33,186.91,12.06
197,2023-07-03 13:29:40,187.1,10.48
198,2023-07-03 13:29:41,185.29,10.12
199,2023-07-03 13:29:43,185.94,7.03
200,2023-07-03 13:29:51,182.77,11.52
201,2023-07-03 13:29:51,183.2,7.66
202,2023-07-03 13:29:51,184.23,11.63
203,2023-07-03 13:29:52,187.65,8.69
204,2023-07-03 13:29:58,189.96,9.53
205,2023-07-03 13:30:05,186.21,8.8
206,2023-07-03 13:30:10,187.79,6.98
207,2023-07-03 13:30:18,188.61,7.67
208,2023-07-03 13:30:24,189.43,11.29
209,2023-07-03 13:30:33,192.96,11.7
210,2023-07-03 13:30:37,192.65,10.46
211,2023-07-03 13:30:39,191.1,6.25
212,2023-07-03 13:30:47,192.2,9.52
213,2023-07-03 13:30:56,190.96,8.59
214,2023-07-03 13:30:57,190.86,10.45
215,2023-07-03 13:31:03,192.97,10.89
216,2023-07-03 13:31:12,194.42,9.94
217,2023-07-03 13:31:19,191.44,10.69
218,2023-07-03 13:31:26,191.26,9.83
219,2023-07-03 13:31:29,189.06,9.12
220,2023-07-03 13:31:35,190.95,8.46
221,2023-07-03 13:31:43,192.02,10.14
222,2023-07-03 13:31:45,191.94,11.51
223,2023-07-03 13:31:48,193.82,10.18
224,2023-07-03 13:31:50,191.99,7.74
225,2023-07-03 13:31:54,192.29,7.85
226,2023-07-03 13:32:00,191.93,8.51
227,2023-07-03 13:32:07,193.76,11.47
228,2023-07-03 13:32:09,191.85,12.16
229,2023-07-03 13:32:09,189.31,6.51
230,2023-07-03 13:32:16,189.32,10.87
231,2023-07-03 13:32:19,191.19,10.21
232,2023-07-03 13:32:28,191.55,8.69
233,2023-07-03 13:32:30,191.64,8.51
234,2023-07-03 13:32:30,192.48,9.07
235,2023-07-03 13:32:37,191.36,12.86
236,2023-07-03 13:32:40,193.07,10.89
237,2023-07-03 13:32:46,192.88,10.76
238,2023-07-03 13:32:48,196.46,14.01
239,2023-07-03 13:32:53,198.28,11.68
240,2023-07-03 13:32:58,197.75,8.12
241,2023-07-03 13:32:59,198.09,12.36
242,2023-07-03 13:32:59,198.72,9.2
243,2023-07-03 13:33:05,195.86,9.09
244,2023-07-03 13:33:05,200.37,11
245,2023-07-03 13:33:13,202.98,8.58
246,2023-07-03 13:33:14,201.73,8.26
247,2023-07-03 13:33:17,201.63,9.86
248,2023-07-03 13:33:17,204.23,11.9
249,2023-07-03 13:33:18,204.72,9.97
250,2023-07-03 13:33:21,204.4,12.69
251,2023-07-03 13:33:26,205.32,8.45
252,2023-07-03 13:33:29,202.88,9.83
253,2023-07-03 13:33:30,200.25,7.67
254,2023-07-03 13:33:31,198.23,10.77
255,2023-07-03 13:33:35,198.72,9.86
256,2023-07-03 13:33:43,199.88,9.32
257,2023-07-03 13:33:46,200.75,9.81
258,2023-07-03 13:33:46,201.81,12.63
259,2023-07-03 13:33:46,205.4,7.85
260,2023-07-03 13:33:53,207.51,7.9
261,2023-07-03 13:33:54,212.45,13.06
262,2023-07-03 13:34:00,212.03,13.23
263,2023-07-03 13:34:02,213,11.48
264,2023-07-03 13:34:08,212.73,9.9
265,2023-07-03 13:34:15,212.72,9.97
266,2023-07-03 13:34:19,213.51,12.17
267,2023-07-03 13:34:26,211.72,6.31
268,2023-07-03 13:34:32,212.57,9.6
269,2023-07-03 13:34:36,211.94,9.01
270,2023-07-03 13:34:39,210.97,8.9
271,2023-07-03 13:34:46,217.59,9.11
272,2023-07-03 13:34:49,213.75,11.63
273,2023-07-03 13:34:52,214.55,10.36
274,2023-07-03 13:34:59,217.06,10.14
275,2023-07-03 13:35:06,215.24,10.84
276,2023-07-03 13:35:12,213.06,9.27
277,2023-07-03 13:35:17,212.52,10.49
278,2023-07-03 13:35:17,212.02,10.35
279,2023-07-03 13:35:21,211.47,12.11
280,2023-07-03 13:35:22,209.59,11.99
281,2023-07-03 13:35:24,211.91,8.99
282,2023-07-03 13:35:25,209.45,11.24
283,2023-07-03 13:35:33,207.42,11.27
284,2023-07-03 13:35:39,207.58,10.88
285,2023-07-03 13:35:48,209.82,10.77
286,2023-07-03 13:35:52,211.95,12.07
287,2023-07-03 13:35:54,210.11,12.93
288,2023-07-03 13:35:59,210.79,10.02
289,2023-07-03 13:36:07,209.77,7.55
290,2023-07-03 13:36:10,210.78,10.13
291,2023-07-03 13:36:13,211.84,10.05
292,2023-07-03 13:36:14,211.87,10.39
293,2023-07-03 13:36:19,213.18,11.34
294,2023-07-03 13:36:23,216,13.61
295,2023-07-03 13:36:31,216.1,10.26
296,2023-07-03 13:36:35,218.73,10.65
297,2023-07-03 13:36:36,219.85,10.32
298,2023-07-03 13:36:42,218.17,13.17
299,2023-07-03 13:36:49,219.48,9.85
300,2023-07-03 13:36:50,216.91,15.76
301,2023-07-03 13:36:51,215.47,11.22
302,2023-07-03 13:36:54,213.88,7.17
303,2023-07-03 13:36:55,210.34,9.93
304,2023-07-03 13:37:04,210.1,11.04
305,2023-07-03 13:37:07,210.81,7.65
306,2023-07-03 13:37:11,210.75,10.34
307,2023-07-03 13:37:19,212.49,10
308,2023-07-03 13:37:20,214.71,9.49
309,2023-07-03 13:37:28,216.69,9.16
310,2023-07-03 13:37:30,213.83,11.29
311,2023-07-03 13:37:34,212.38,8.77
312,2023-07-03 13:37:40,214.72,10.64
313,2023-07-03 13:37:42,217.44,8.46
314,2023-07-03 13:37:47,216.97,10.87
315,2023-07-03 13:37:53,211.45,9.15
316,2023-07-03 13:38:02,210.75,9.4
317,2023-07-03 13:38:09,213.32,9.67
318,2023-07-03 13:38:10,213.61,8.39
319,2023-07-03 13:38:16,213.26,8.16
320,2023-07-03 13:38:17,213.08,8.68
321,2023-07-03 13:38:22,211.12,8.08
322,2023-07-03 13:38:29,211.77,11.5
323,2023-07-03 13:38:38,211.27,11.2
324,2023-07-03 13:38:40,211.54,10.6
325,2023-07-03 13:38:44,213.28,10.57
326,2023-07-03 13:38:45,211.19,8.03
327,2023-07-03 13:38:53,209.6,9.1
328,2023-07-03 13:39:00,208.59,7.7
329,2023-07-03 13:39:00,209.54,10.29
330,2023-07-03 13:39:03,211.97,10.79
331,2023-07-03 13:39:08,212.71,8.38
332,2023-07-03 13:39:09,213.21,8.5
333,2023-07-03 13:39:14,212.48,9.42
334,2023-07-03 13:39:22,214.39,7.95
335,2023-07-03 13:39:26,214.35,9.78
336,2023-07-03 13:39:34,214.92,15.31
337,2023-07-03 13:39:38,214.58,10.72
338,2023-07-03 13:39:41,218.87,6.9
339,2023-07-03 13:39:47,216.07,5.17
340,2023-07-03 13:39:52,217.19,11.72
341,2023-07-03 13:39:57,214.28,9.65
342,2023-07-03 13:40:01,213.23,10.06
343,2023-07-03 13:40:08,214.7,9.04
344,2023-07-03 13:40:08,212.6,9.2
345,2023-07-03 13:40:17,212,9.94
346,2023-07-03 13:40:24,212.46,6.53
347,2023-07-03 13:40:29,212.28,10.65
348,2023-07-03 13:40:36,212.41,9.82
349,2023-07-03 13:40:40,212.03,13.33
350,2023-07-03 13:40:45,211.54,10.8
351,2023-07-03 13:40:45,213.66,12.57
352,2023-07-03 13:40:50,212.39,4.01
353,2023-07-03 13:40:58,215.31,10.68
354,2023-07-03 13:41:06,217.46,7.69
355,2023-07-03 13:41:06,218.19,9.58
356,2023-07-03 13:41:07,217.16,10.8
357,2023-07-03 13:41:09,218.18,10.2
358,2023-07-03 13:41:15,216.28,10.39
359,2023-07-03 13:41:24,218.77,8.07
360,2023-07-03 13:41:33,222.61,11.44
361,2023-07-03 13:41:36,221.61,10.78
362,2023-07-03 13:41:38,224.65,9.91
363,2023-07-03 13:41:47,221.96,8.76
364,2023-07-03 13:41:53,224.45,14.63
365,2023-07-03 13:42:00,224.09,8.35
366,2023-07-03 13:42:00,219.92,6.79
367,2023-07-03 13:42:06,223.1,7.33
368,2023-07-03 13:42:11,220.44,12.96
369,2023-07-03 13:42:13,220.18,10.26
370,2023-07-03 13:42:21,217.38,7.58
371,2023-07-03 13:42:21,215.33,11.2
372,2023-07-03 13:42:27,215.37,12.35
373,2023-07-03 13:42:29,211.01,7.99
374,2023-07-03 13:42:31,207.71,10.29
375,2023-07-03 13:42:36,207.46,10.47
376,2023-07-03 13:42:41,206.34,8.41
377,2023-07-03 13:42:49,202.94,9.41
378,2023-07-03 13:42:58,203.44,14.81
379,2023-07-03 13:42:59,211.8,6.98
380,2023-07-03 13:43:06,211.29,10.64
381,2023-07-03 13:43:09,215.48,13.76
382,2023-07-03 13:43:15,214.24,9.68
383,2023-07-03 13:43:18,214.25,9.32
384,2023-07-03 13:43:19,212.92,11.54
385,2023-07-03 13:43:23,210.75,14.88
386,2023-07-03 13:43:26,213,9.81
387,2023-07-03 13:43:27,212.93,9.41
388,2023-07-03 13:43:36,211.66,8.98
389,2023-07-03 13:43:38,212.5,9.42
390,2023-07-03 13:43:47,212.88,12.75
391,2023-07-03 13:43:47,215.9,10.22
392,2023-07-03 13:43:56,215.63,11.85
393,2023-07-03 13:43:59,213.07,9.06
394,2023-07-03 13:44:03,209.96,9.33
395,2023-07-03 13:44:10,210.96,7.77
396,2023-07-03 13:44:17,211.32,10.45
397,2023-07-03 13:44:17,212.26,8.42
398,2023-07-03 13:44:17,211.67,8.58
399,2023-07-03 13:44:22,211.26,8.87
400,2023-07-03 13:44:27,210.39,8.38
401,2023-07-03 13:44:34,209.27,9.06
402,2023-07-03 13:44:34,208.4,9.6
403,2023-07-03 13:44:37,207.96,10.67
404,2023-07-03 13:44:43,210.49,8.38
405,2023-07-03 13:44:46,209.4,10.79
406,2023-07-03 13:44:51,209.18,8.81
407,2023-07-03 13:44:57,205.21,13.2
408,2023-07-03 13:45:05,202.12,10.5
409,2023-07-03 13:45:05,204.21,9.36
410,2023-07-03 13:45:14,202.78,10.77
411,2023-07-03 13:45:19,202.85,8.63
412,2023-07-03 13:45:25,203.06,11.74
413,2023-07-03 13:45:29,202.55,10.32
414,2023-07-03 13:45:36,203.92,9.92
415,2023-07-03 13:45:41,204.46,14.03
416,2023-07-03 13:45:43,201.7,10.29
417,2023-07-03 13:45:49,202.05,9.26
418,2023-07-03 13:45:50,205.11,5.56
419,2023-07-03 13:45:57,203.14,10.71
420,2023-07-03 13:46:00,203.2,12.18
421,2023-07-03 13:46:01,196.69,8.45
422,2023-07-03 13:46:10,193.76,11.39
423,2023-07-03 13:46:14,197.41,9.47
424,2023-07-03 13:46:23,195.15,10.92
425,2023-07-03 13:46:24,197.95,11.15
426,2023-07-03 13:46:30,198.62,7.98
427,2023-07-03 13:46:30,199.64,11.36
428,2023-07-03 13:46:37,199.2,8.98
429,2023-07-03 13:46:40,201.04,10.21
430,2023-07-03 13:46:48,200.56,10.25
431,2023-07-03 13:46:54,201.13,9.04
432,2023-07-03 13:46:55,201.9,12.36
433,2023-07-03 13:47:02,202.77,9.84
434,2023-07-03 13:47:07,201.86,10.58
435,2023-07-03 13:47:12,205.16,7.19
436,2023-07-03 13:47:13,205.63,9
437,2023-07-03 13:47:16,207.75,5.76
438,2023-07-03 13:47:19,207.27,9.93
439,2023-07-03 13:47:26,206.21,12.72
440,2023-07-03 13:47:34,208.48,7.35
441,2023-07-03 13:47:40,210.57,9.43
442,2023-07-03 13:47:44,213.39,10.14
443,2023-07-03 13:47:48,214.74,10.29
444,2023-07-03 13:47:49,215.78,10.04
445,2023-07-03 13:47:58,214.5,5.36
446,2023-07-03 13:48:05,212.63,9.5
447,2023-07-03 13:48:09,212.34,9.63
448,2023-07-03 13:48:12,213.17,9.24
449,2023-07-03 13:48:18,216.15,5.83
450,2023-07-03 13:48:21,218.69,9.71
451,2023-07-03 13:48:27,220.2,10.39
452,2023-07-03 13:48:27,223.64,8.62
453,2023-07-03 13:48:27,224.62,8.31
454,2023-07-03 13:48:32,226.48,12.19
455,2023-07-03 13:48:34,228.25,8.77
456,2023-07-03 13:48:36,225.54,7.15
457,2023-07-03 13:48:36,224.56,12.36
458,2023-07-03 13:48:42,224.29,8.29
459,2023-07-03 13:48:50,223.06,6.97
460,2023-07-03 13:48:59,223.4,13.04
461,2023-07-03 13:49:04,223.47,10.48
462,2023-07-03 13:49:04,222.36,13.99
463,2023-07-03 13:49:11,221.46,9.21
464,2023-07-03 13:49:13,221.72,11.61
465,2023-07-03 13:49:19,221.94,9.06
466,2023-07-03 13:49:22,219.04,15.32
467,2023-07-03 13:49:27,217.65,11.97
468,2023-07-03 13:49:30,216.96,10.21
469,2023-07-03 13:49:37,216.66,12.29
470,2023-07-03 13:49:43,215.51,14.58
471,2023-07-03 13:49:44,214.64,10.28
472,2023-07-03 13:49:53,210.02,12.59
473,2023-07-03 13:50:00,209.32,7.42
474,2023-07-03 13:50:09,206.09,12.02
475,2023-07-03 13:50:14,209.3,9.04
476,2023-07-03 13:50:15,210.4,9.41
477,2023-07-03 13:50:24,213.32,11.53
478,2023-07-03 13:50:30,215.75,10.75
479,2023-07-03 13:50:32,215.35,8.23
480,2023-07-03 13:50:33,214.42,7.94
481,2023-07-03 13:50:33,214.62,12.54
482,2023-07-03 13:50:37,214.17,9.94
483,2023-07-03 13:50:39,213.89,6.84
484,2023-07-03 13:50:44,211.32,11.04
485,2023-07-03 13:50:51,210.37,10.44
486,2023-07-03 13:50:51,211.62,8.83
487,2023-07-03 13:50:58,211.69,13.32
488,2023-07-03 13:51:04,212.64,11.09
489,2023-07-03 13:51:11,216.58,9.52
490,2023-07-03 13:51:20,218.26,7.54
491,2023-07-03 13:51:20,216.46,10.79
492,2023-07-03 13:51:21,213.86,9.27
493,2023-07-03 13:51:22,211.1,9.46
494,2023-07-03 13:51:23,213.46,10.32
495,2023-07-03 13:51:32,213.87,9.16
496,2023-07-03 13:51:40,209.27,6.77
497,2023-07-03 13:51:41,212.05,10.72
498,2023-07-03 13:51:43,215.32,7.46
499,2023-07-03 13:51:50,216.89,9.61
500,2023-07-03 13:51:58,216.92,10.39
501,2023-07-03 13:52:04,216.53,9.91
502,2023-07-03 13:52:07,217.5,12.23
503,2023-07-03 13:52:07,220,9.79
504,2023-07-03 13:52:10,219.38,7.6
505,2023-07-03 13:52:10,219.82,13.07
506,2023-07-03 13:52:15,219.9,15.12
507,2023-07-03 13:52:21,216.5,9.01
508,2023-07-03 13:52:28,216.07,12.76
509,2023-07-03 13:52:36,214.13,8.01
510,2023-07-03 13:52:43,212.41,12.92
511,2023-07-03 13:52:45,214.35,8.04
512,2023-07-03 13:52:46,212.78,8.22
513,2023-07-03 13:52:47,214.27,13.01
514,2023-07-03 13:52:55,216.26,11.06
515,2023-07-03 13:52:59,218.82,9.41
516,2023-07-03 13:53:00,219.16,9.83
517,2023-07-03 13:53:02,214.74,11.23
518,2023-07-03 13:53:08,213.63,12.1
519,2023-07-03 13:53:15,213.33,11.08
520,2023-07-03 13:53:20,211.14,7.13
521,2023-07-03 13:53:23,207.54,9.81
522,2023-07-03 13:53:28,207.42,8.62
523,2023-07-03 13:53:29,206.4,11.76
524,2023-07-03 13:53:31,204.92,10.98
525,2023-07-03 13:53:40,203.51,9.13
526,2023-07-03 13:53:46,204.59,11.36
527,2023-07-03 13:53:53,206.82,13.3
528,2023-07-03 13:54:01,207.73,13.63
529,2023-07-03 13:54:03,204.83,10.18
530,2023-07-03 13:54:08,206.69,13.08
531,2023-07-03 13:54:11,203.14,9.68
532,2023-07-03 13:54:17,205.56,7.8
533,2023-07-03 13:54:24,203.16,9.45
534,2023-07-03 13:54:25,202.29,11.2
535,2023-07-03 13:54:31,200.12,8.6
536,2023-07-03 13:54:35,200.19,7.62
537,2023-07-03 13:54:36,203.97,6.17
538,2023-07-03 13:54:45,203.51,9.69
539,2023-07-03 13:54:54,204.3,14.16
540,2023-07-03 13:55:00,204.49,12.97
541,2023-07-03 13:55:06,206.65,7.27
542,2023-07-03 13:55:14,205.68,9.86
543,2023-07-03 13:55:20,204.79,12.16
544,2023-07-03 13:55:21,204.22,7.66
545,2023-07-03 13:55:30,202.73,9.22
546,2023-07-03 13:55:38,202.54,11.62
547,2023-07-03 13:55:40,201.75,6.71
548,2023-07-03 13:55:44,200.89,8.21
549,2023-07-03 13:55:49,200.97,10.33
550,2023-07-03 13:55:56,201.18,10.1
551,2023-07-03 13:55:59,202.45,9.82
552,2023-07-03 13:56:07,201.87,10.52
553,2023-07-03 13:56:09,199.92,10.68
554,2023-07-03 13:56:14,200.73,8.45
555,2023-07-03 13:56:23,201.54,7.41
556,2023-07-03 13:56:24,201.96,10.12
557,2023-07-03 13:56:32,203.13,8.4
558,2023-07-03 13:56:33,202.85,8.79
559,2023-07-03 13:56:38,202.89,15.03
560,2023-07-03 13:56:44,204.25,8.03
561,2023-07-03 13:56:51,206.01,12.44
562,2023-07-03 13:56:53,205.61,10.65
563,2023-07-03 13:56:57,203.26,7
564,2023-07-03 13:57:05,203.81,9.92
565,2023-07-03 13:57:10,207.27,9.81
566,2023-07-03 13:57:17,206.32,11.38
567,2023-07-03 13:57:21,206.37,9.68
568,2023-07-03 13:57:22,204.96,12.27
569,2023-07-03 13:57:28,209.21,7.65
570,2023-07-03 13:57:32,211.24,7.69
571,2023-07-03 13:57:37,211.35,8.82
572,2023-07-03 13:57:43,212.18,10.42
573,2023-07-03 13:57:48,209.56,11.31
574,2023-07-03 13:57:48,205.83,10.43
575,2023-07-03 13:57:53,206.97,11.72
576,2023-07-03 13:57:58,207.91,9.78
577,2023-07-03 13:58:07,210.19,11.39
578,2023-07-03 13:58:07,216.18,12.41
579,2023-07-03 13:58:13,216.95,10.86
580,2023-07-03 13:58:18,217.38,10.62
581,2023-07-03 13:58:27,219.33,8.74
582,2023-07-03 13:58:35,220.45,13.06
583,2023-07-03 13:58:39,219.27,13.55
584,2023-07-03 13:58:39,215.88,10.08
585,2023-07-03 13:58:42,213.31,9.63
586,2023-07-03 13:58:51,212.45,11.87
587,2023-07-03 13:59:00,207.39,7.22
588,2023-07-03 13:59:02,202.77,8.48
589,2023-07-03 13:59:09,204.66,12.18
590,2023-07-03 13:59:17,206.45,8.01
591,2023-07-03 13:59:24,206.77,8.76
592,2023-07-03 13:59:32,207.79,11.57
593,2023-07-03 13:59:40,205.76,9.35
594,2023-07-03 13:59:41,205.99,5.38
595,2023-07-03 13:59:47,202.91,10.18
596,2023-07-03 13:59:55,198.23,10.05
597,2023-07-03 13:59:55,198.98,9.59
598,2023-07-03 13:59:58,198.25,11.8
599,2023-07-03 14:00:03,196.44,11.95
600,2023-07-03 14:00:10,193.76,9.29
601,2023-07-03 14:00:16,192.61,7.89
602,2023-07-03 14:00:22,190.14,8.4
603,2023-07-03 14:00:28,191.12,9.52
604,2023-07-03 14:00:34,194.62,9.25
605,2023-07-03 14:00:40,195.6,10.03
606,2023-07-03 14:00:40,196.51,9.38
607,2023-07-03 14:00:49,196.33,12.17
608,2023-07-03 14:00:57,198.92,11.79
609,2023-07-03 14:01:03,198.11,10.96
610,2023-07-03 14:01:06,196.35,10.25
611,2023-07-03 14:01:13,198.58,8.3
612,2023-07-03 14:01:19,198.13,10.09
613,2023-07-03 14:01:27,199.85,11.54
614,2023-07-03 14:01:27,199.14,9.2
615,2023-07-03 14:01:29,201.9,7.94
616,2023-07-03 14:01:37,201.22,8.65
617,2023-07-03 14:01:44,201.53,10.57
618,2023-07-03 14:01:48,200.58,10.36
619,2023-07-03 14:01:54,203.89,8.53
620,2023-07-03 14:01:54,202.5,10.57
621,2023-07-03 14:01:54,198.95,5.84
622,2023-07-03 14:02:00,198.81,7.9
623,2023-07-03 14:02:02,200.47,9.57
624,2023-07-03 14:02:11,200.3,8.67
625,2023-07-03 14:02:13,201.78,11.49
626,2023-07-03 14:02:20,201.64,8.76
627,2023-07-03 14:02:29,199.82,12
628,2023-07-03 14:02:29,198.84,12.03
629,2023-07-03 14:02:35,199.06,7.79
630,2023-07-03 14:02:35,196.3,10.89
631,2023-07-03 14:02:44,191.03,10.76
632,2023-07-03 14:02:52,190.01,9.8
633,2023-07-03 14:02:52,191.59,7.96
634,2023-07-03 14:02:59,190,9.37
635,2023-07-03 14:03:08,193.1,12.41
636,2023-07-03 14:03:14,192.29,10.45
637,2023-07-03 14:03:19,191.73,11.17
638,2023-07-03 14:03:25,188.97,9.27
639,2023-07-03 14:03:28,193.85,8.74
640,2023-07-03 14:03:30,190.69,10.79
641,2023-07-03 14:03:33,189,12.93
642,2023-07-03 14:03:42,186.52,11.73
643,2023-07-03 14:03:43,185.98,10.62
644,2023-07-03 14:03:44,184.12,9.26
645,2023-07-03 14:03:44,182.14,9.54
646,2023-07-03 14:03:51,184.48,9.95
647,2023-07-03 14:03:57,185.69,10.38
648,2023-07-03 14:04:05,184.88,7.84
649,2023-07-03 14:04:12,185.43,8.23
650,2023-07-03 14:04:13,184.92,7.47
651,2023-07-03 14:04:14,184.55,9.64
652,2023-07-03 14:04:20,182.19,12.76
653,2023-07-03 14:04:22,181.2,13.85
654,2023-07-03 14:04:31,179.86,8.08
655,2023-07-03 14:04:37,181.49,8.51
656,2023-07-03 14:04:45,180.58,11.64
657,2023-07-03 14:04:46,181.98,11.76
658,2023-07-03 14:04:50,181.07,8.26
659,2023-07-03 14:04:50,178.23,8.01
660,2023-07-03 14:04:59,178.51,10.55
661,2023-07-03 14:05:05,177.3,9.19
662,2023-07-03 14:05:13,177.92,6.45
663,2023-07-03 14:05:13,178.38,11.75
664,2023-07-03 14:05:19,178.81,8.51
665,2023-07-03 14:05:26,178.77,7.62
666,2023-07-03 14:05:32,179.17,11.36
667,2023-07-03 14:05:38,181.15,11.53
668,2023-07-03 14:05:42,181.18,7.88
669,2023-07-03 14:05:50,183,9.46
670,2023-07-03 14:05:55,181.29,9.18
671,2023-07-03 14:06:04,182.98,11.4
672,2023-07-03 14:06:09,182.42,7.88
673,2023-07-03 14:06:10,183.93,8.61
674,2023-07-03 14:06:10,181.26,9
675,2023-07-03 14:06:14,181.56,7.14
676,2023-07-03 14:06:14,181.47,10.23
677,2023-07-03 14:06:16,179.66,7.75
678,2023-07-03 14:06:21,178.29,13.31
679,2023-07-03 14:06:23,179.03,11.13
680,2023-07-03 14:06:23,180.9,9.66
681,2023-07-03 14:06:28,176.88,10.31
682,2023-07-03 14:06:29,177.24,13.13
683,2023-07-03 14:06:38,181.75,8.76
684,2023-07-03 14:06:42,182.73,11.68
685,2023-07-03 14:06:50,181.48,9.89
686,2023-07-03 14:06:51,182.3,6.91
687,2023-07-03 14:06:58,183.95,11.2
688,2023-07-03 14:07:02,183.01,7.47
689,2023-07-03 14:07:07,184.67,8.96
690,2023-07-03 14:07:16,185.1,10.55
691,2023-07-03 14:07:25,184.06,14.07
692,2023-07-03 14:07:34,184.06,8.63
693,2023-07-03 14:07:35,185.28,10.58
694,2023-07-03 14:07:41,185.67,9.37
695,2023-07-03 14:07:49,182.54,9.68
696,2023-07-03 14:07:51,179.72,8.32
697,2023-07-03 14:07:59,178.45,8
698,2023-07-03 14:07:59,177.58,4.05
699,2023-07-03 14:08:05,178.98,13.03
700,2023-07-03 14:08:08,179.05,8.55
701,2023-07-03 14:08:16,180.07,10.07
702,2023-07-03 14:08:19,178.34,13.39
703,2023-07-03 14:08:26,178.71,12.99
704,2023-07-03 14:08:33,178.22,11.17
705,2023-07-03 14:08:33,180.19,9.11
706,2023-07-03 14:08:37,179.52,11.89
707,2023-07-03 14:08:44,175.7,10.06
708,2023-07-03 14:08:47,176.98,11.49
709,2023-07-03 14:08:56,176.57,7.33
710,2023-07-03 14:09:05,176.48,8.89
711,2023-07-03 14:09:09,178.24,10.58
712,2023-07-03 14:09:18,178.64,14.95
713,2023-07-03 14:09:25,180.54,10.66
714,2023-07-03 14:09:29,178.7,10.72
715,2023-07-03 14:09:32,176.01,9.22
716,2023-07-03 14:09:40,177.13,9.61
717,2023-07-03 14:09:43,175.86,10.31
718,2023-07-03 14:09:47,175.95,7.71
719,2023-07-03 14:09:54,176.01,13.25
720,2023-07-03 14:10:00,176.37,9.02
721,2023-07-03 14:10:09,175.93,10.8
722,2023-07-03 14:10:15,179.67,12.07
723,2023-07-03 14:10:23,180.08,5.7
724,2023-07-03 14:10:23,180.63,9.4
725,2023-07-03 14:10:28,179.82,9.96
726,2023-07-03 14:10:35,181.51,6.26
727,2023-07-03 14:10:36,183.49,11.12
728,2023-07-03 14:10:41,182.04,6.59
729,2023-07-03 14:10:47,184.19,13.77
730,2023-07-03 14:10:54,181.44,10.03
731,2023-07-03 14:10:56,182.9,8.7
732,2023-07-03 14:11:03,183.89,9.81
733,2023-07-03 14:11:07,183.86,11.42
734,2023-07-03 14:11:10,181.06,8.81
735,2023-07-03 14:11:19,181.51,10.21
736,2023-07-03 14:11:19,180.41,8.8
737,2023-07-03 14:11:25,181.72,12.78
738,2023-07-03 14:11:34,180.91,8.56
739,2023-07-03 14:11:41,178.19,6.07
740,2023-07-03 14:11:50,181.68,8.78
741,2023-07-03 14:11:55,181.64,13.99
742,2023-07-03 14:11:58,183.99,10.89
743,2023-07-03 14:12:06,184.32,14.25
744,2023-07-03 14:12:13,185.12,7.3
745,2023-07-03 14:12:16,183.53,12.26
746,2023-07-03 14:12:18,182.24,11.5
747,2023-07-03 14:12:27,183.6,9.53
748,2023-07-03 14:12:36,182.84,11.87
749,2023-07-03 14:12:43,183.88,11.48
750,2023-07-03 14:12:49,184.75,8.79
751,2023-07-03 14:12:54,182.84,10.76
752,2023-07-03 14:12:57,180.52,10.67
753,2023-07-03 14:12:59,179.67,8.81
754,2023-07-03 14:13:07,180.05,11.95
755,2023-07-03 14:13:16,178.74,12.4
756,2023-07-03 14:13:19,179.88,9.35
757,2023-07-03 14:13:26,178.73,8.51
758,2023-07-03 14:13:26,178.18,11.16
759,2023-07-03 14:13:31,177.17,7.85
760,2023-07-03 14:13:39,177.63,10.7
761,2023-07-03 14:13:41,176.69,11.14
762,2023-07-03 14:13:50,178.56,7.98
763,2023-07-03 14:13:52,176.21,11.58
764,2023-07-03 14:13:59,175.6,12.39
765,2023-07-03 14:14:05,172.54,11.36
766,2023-07-03 14:14:13,174.34,10.34
767,2023-07-03 14:14:20,177.41,12.12
768,2023-07-03 14:14:23,175.38,11.21
769,2023-07-03 14:14:28,175.28,9.53
770,2023-07-03 14:14:29,174.19,8.06
771,2023-07-03 14:14:31,176.17,10.97
772,2023-07-03 14:14:31,177.02,11.43
773,2023-07-03 14:14:32,178.81,13.31
774,2023-07-03 14:14:36,178.76,6.8
775,2023-07-03 14:14:39,181.36,11.59
776,2023-07-03 14:14:47,181.86,9.32
777,2023-07-03 14:14:49,180.79,8.88
778,2023-07-03 14:14:49,181.98,5.26
779,2023-07-03 14:14:58,181.09,6.99
780,2023-07-03 14:15:03,181.63,10.79
781,2023-07-03 14:15:05,180.82,11.59
782,2023-07-03 14:15:12,180.21,10.11
783,2023-07-03 14:15:14,180.75,12.48
784,2023-07-03 14:15:18,179.34,8.9
785,2023-07-03 14:15:18,178.95,7.96
786,2023-07-03 14:15:18,178.99,13.26
787,2023-07-03 14:15:22,181.33,9.44
788,2023-07-03 14:15:31,185.31,9.1
789,2023-07-03 14:15:31,187.31,12.9
790,2023-07-03 14:15:34,185.5,9.85
791,2023-07-03 14:15:39,184.05,7.95
792,2023-07-03 14:15:41,183.34,10.78
793,2023-07-03 14:15:43,184.67,11.82
794,2023-07-03 14:15:48,185.73,7.13
795,2023-07-03 14:15:54,187.25,10.45
796,2023-07-03 14:15:57,185.07,12.16
797,2023-07-03 14:15:58,182.42,7.78
798,2023-07-03 14:16:01,185.27,10.53
799,2023-07-03 14:16:07,185.51,10.15
800,2023-07-03 14:16:14,183.72,12.17
801,2023-07-03 14:16:14,182.26,12.2
802,2023-07-03 14:16:19,180.99,8.12
803,2023-07-03 14:16:22,181.4,10.17
804,2023-07-03 14:16:28,182.16,12.79
805,2023-07-03 14:16:28,181.91,9.03
806,2023-07-03 14:16:31,181.1,8.43
807,2023-07-03 14:16:37,180.15,8.65
808,2023-07-03 14:16:39,182.86,9.57
809,2023-07-03 14:16:44,181.21,9.71
810,2023-07-03 14:16:46,183.82,9.52
811,2023-07-03 14:16:55,182.9,9.58
812,2023-07-03 14:17:03,184.74,8.12
813,2023-07-03 14:17:09,185.98,6.62
814,2023-07-03 14:17:13,186.97,11.5
815,2023-07-03 14:17:16,188.68,14.09
816,2023-07-03 14:17:16,187.02,10.63
817,2023-07-03 14:17:21,183.22,9.82
818,2023-07-03 14:17:21,182.94,6.85
819,2023-07-03 14:17:30,183.28,12.59
820,2023-07-03 14:17:39,183.11,8.93
821,2023-07-03 14:17:47,183.4,7.6
822,2023-07-03 14:17:53,183.87,11.57
823,2023-07-03 14:17:59,182.86,7.4
824,2023-07-03 14:18:02,184.37,11.19
825,2023-07-03 14:18:08,184.91,12.3
826,2023-07-03 14:18:09,187.59,9.77
827,2023-07-03 14:18:10,192.03,14.82
828,2023-07-03 14:18:16,190.79,8.36
829,2023-07-03 14:18:17,192.41,10.29
830,2023-07-03 14:18:18,195.23,9.09
831,2023-07-03 14:18:22,198.97,11.83
832,2023-07-03 14:18:22,196.41,8.76
833,2023-07-03 14:18:30,194.21,10.82
834,2023-07-03 14:18:36,194.39,10.42
835,2023-07-03 14:18:36,195.58,13.75
836,2023-07-03 14:18:44,195.15,11.41
837,2023-07-03 14:18:48,198.35,12.08
838,2023-07-03 14:18:55,197.79,10.06
839,2023-07-03 14:18:56,193.32,15.69
840,2023-07-03 14:18:59,194.06,8.81
841,2023-07-03 14:19:04,191.83,11.99
842,2023-07-03 14:19:10,192.9,11.6
843,2023-07-03 14:19:19,193.81,14.65
844,2023-07-03 14:19:23,194.88,5.8
845,2023-07-03 14:19:26,194.86,10.82
846,2023-07-03 14:19:29,195.86,6.41
847,2023-07-03 14:19:32,197.32,6.47
848,2023-07-03 14:19:33,198.67,7.75
849,2023-07-03 14:19:34,199.98,8.25
850,2023-07-03 14:19:40,200.15,10.9
851,2023-07-03 14:19:45,202.01,11.11
852,2023-07-03 14:19:52,204.28,8.12
853,2023-07-03 14:20:01,206.38,8.73
854,2023-07-03 14:20:04,209.34,9.52
855,2023-07-03 14:20:04,209.29,13.42
856,2023-07-03 14:20:04,208.73,12.01
857,2023-07-03 14:20:08,209.88,10.71
858,2023-07-03 14:20:14,209.5,9.43
859,2023-07-03 14:20:20,208.92,8.9
860,2023-07-03 14:20:28,206.92,5.83
861,2023-07-03 14:20:36,203.93,11.26
862,2023-07-03 14:20:45,205.26,11.83
863,2023-07-03 14:20:46,201.3,9.84
864,2023-07-03 14:20:49,199.95,8.12
865,2023-07-03 14:20:49,197.16,7.91
866,2023-07-03 14:20:54,195.96,13.49
867,2023-07-03 14:20:59,195.57,9.99
868,2023-07-03 14:21:06,198.01,9.09
869,2023-07-03 14:21:10,194.59,7.45
870,2023-07-03 14:21:19,195.4,10.36
871,2023-07-03 14:21:22,198.19,12.19
872,2023-07-03 14:21:29,196.06,10.31
873,2023-07-03 14:21:29,198.45,11.86
874,2023-07-03 14:21:37,197.73,8.92
875,2023-07-03 14:21:37,197.3,9.7
876,2023-07-03 14:21:41,197.76,10.06
877,2023-07-03 14:21:46,203.14,9.46
878,2023-07-03 14:21:51,202.6,10.95
879,2023-07-03 14:22:00,199.66,10.79
880,2023-07-03 14:22:04,204.52,12.22
881,2023-07-03 14:22:04,205.23,11.3
882,2023-07-03 14:22:07,206.52,11.52
883,2023-07-03 14:22:07,206.04,6.53
884,2023-07-03 14:22:15,205.96,11.09
885,2023-07-03 14:22:22,203.34,4.69
886,2023-07-03 14:22:28,205.42,8.7
887,2023-07-03 14:22:31,206.82,11.4
888,2023-07-03 14:22:39,209,9.01
889,2023-07-03 14:22:41,206.1,12.46
890,2023-07-03 14:22:48,207.98,12.02
891,2023-07-03 14:22:50,202.62,7.98
892,2023-07-03 14:22:50,200.25,12.02
893,2023-07-03 14:22:54,199.68,10.49
894,2023-07-03 14:22:55,198.54,11.58
895,2023-07-03 14:22:58,201.81,11.81
896,2023-07-03 14:23:00,202.91,7.72
897,2023-07-03 14:23:02,202.7,9.01
898,2023-07-03 14:23:05,204.17,8.77
899,2023-07-03 14:23:09,206.01,12.56
900,2023-07-03 14:23:10,205.17,4.92
901,2023-07-03 14:23:16,205.19,6.52
902,2023-07-03 14:23:20,207.77,9.37
903,2023-07-03 14:23:22,204.16,10.51
904,2023-07-03 14:23:29,207.16,11.32
905,2023-07-03 14:23:30,211.47,10.37
906,2023-07-03 14:23:37,213.25,12.78
907,2023-07-03 14:23:38,213.16,9.4
908,2023-07-03 14:23:38,211.71,12.19
909,2023-07-03 14:23:44,208.88,9.66
910,2023-07-03 14:23:52,206.55,8.73
911,2023-07-03 14:23:58,208.43,6.85
912,2023-07-03 14:24:06,205.4,9.69
913,2023-07-03 14:24:11,205,12.14
914,2023-07-03 14:24:14,203.04,11.49
915,2023-07-03 14:24:17,204.96,11.77
916,2023-07-03 14:24:21,206.32,12.14
917,2023-07-03 14:24:27,202.14,7.04
918,2023-07-03 14:24:32,204.78,11.27
919,2023-07-03 14:24:33,202.17,9.55
920,2023-07-03 14:24:33,199.95,9.57
921,2023-07-03 14:24:39,197.9,9.82
922,2023-07-03 14:24:39,199.71,8.72
923,2023-07-03 14:24:48,199.12,8.64
924,2023-07-03 14:24:55,194.94,9.71
925,2023-07-03 14:24:59,197.99,13.25
926,2023-07-03 14:25:08,194.13,11.7
927,2023-07-03 14:25:09,190.73,7.89
928,2023-07-03 14:25:13,192.76,12.44
929,2023-07-03 14:25:14,190.91,10.01
930,2023-07-03 14:25:19,187.61,10.68
931,2023-07-03 14:25:27,186.17,9.17
932,2023-07-03 14:25:32,182.83,8.93
933,2023-07-03 14:25:33,181.82,13.99
934,2023-07-03 14:25:42,183.19,8.66
935,2023-07-03 14:25:48,182.45,9.61
936,2023-07-03 14:25:51,184.67,13.99
937,2023-07-03 14:25:58,183.15,9
938,2023-07-03 14:26:07,183.89,10.17
939,2023-07-03 14:26:14,183.21,9.27
940,2023-07-03 14:26:18,183.72,9.98
941,2023-07-03 14:26:25,180.96,10.21
942,2023-07-03 14:26:28,182.22,8.5
943,2023-07-03 14:26:29,180.38,10.36
944,2023-07-03 14:26:29,181.16,10.59
945,2023-07-03 14:26:30,180.67,12.62
946,2023-07-03 14:26:39,184.39,7.15
947,2023-07-03 14:26:44,183.87,12.75
948,2023-07-03 14:26:48,184.62,9.67
949,2023-07-03 14:26:57,184.03,8.73
950,2023-07-03 14:27:00,181.24,10.03
951,2023-07-03 14:27:09,179.1,8.79
952,2023-07-03 14:27:09,178.7,7.28
953,2023-07-03 14:27:14,176.81,11.47
954,2023-07-03 14:27:22,177.63,10.08
955,2023-07-03 14:27:29,176.73,11.6
956,2023-07-03 14:27:34,178.39,11.82
957,2023-07-03 14:27:38,180.27,6.41
958,2023-07-03 14:27:40,179.81,9.53
959,2023-07-03 14:27:42,179.28,9.57
960,2023-07-03 14:27:47,179.99,6.94
961,2023-07-03 14:27:54,179.57,9.38
962,2023-07-03 14:27:58,180.78,8.21
963,2023-07-03 14:28:03,180.31,12.68
964,2023-07-03 14:28:12,179.02,12.09
965,2023-07-03 14:28:16,179.28,12.51
966,2023-07-03 14:28:17,178.21,9.96
967,2023-07-03 14:28:22,176.84,10.32
968,2023-07-03 14:28:31,179.4,10.14
969,2023-07-03 14:28:39,181.74,8.16
970,2023-07-03 14:28:47,182.67,10.02
971,2023-07-03 14:28:52,181.05,10.43
972,2023-07-03 14:28:56,184.85,11.53
973,2023-07-03 14:28:58,185.97,11.86
974,2023-07-03 14:29:01,185.79,10.97
975,2023-07-03 14:29:01,185.33,10.29
976,2023-07-03 14:29:06,185.02,10.6
977,2023-07-03 14:29:15,184.89,12.06
978,2023-07-03 14:29:17,183.56,11.2
979,2023-07-03 14:29:18,184.42,14.7
980,2023-07-03 14:29:21,181.96,10.76
981,2023-07-03 14:29:23,183.62,9.34
982,2023-07-03 14:29:25,184.75,5.89
983,2023-07-03 14:29:33,184.28,9.82
984,2023-07-03 14:29:39,184.24,12.4
985,2023-07-03 14:29:40,186.54,12.82
986,2023-07-03 14:29:46,185.45,7.34
987,2023-07-03 14:29:55,187.65,10.78
988,2023-07-03 14:30:02,187.45,12.68
989,2023-07-03 14:30:08,188.61,11.11
990,2023-07-03 14:30:17,188.15,13.39
991,2023-07-03 14:30:23,190.33,12.24
992,2023-07-03 14:30:24,192.88,9.19
993,2023-07-03 14:30:28,192.74,8.24
994,2023-07-03 14:30:31,192.65,8.79
995,2023-07-03 14:30:39,193.34,9.99
996,2023-07-03 14:30:44,194.91,7.5
997,2023-07-03 14:30:52,194.27,11.17
998,2023-07-03 14:31:00,194.81,8.75
999,2023-07-03 14:31:07,197.35,11.04
1000,2023-07-03 14:31:13,199.62,6.54
1001,2023-07-03 14:31:15,201.06,14.22
1002,2023-07-03 14:31:24,201.62,9.61
1003,2023-07-03 14:31:26,201.47,9.9
1004,2023-07-03 14:31:27,203.22,8.35
1005,2023-07-03 14:31:36,201.28,9.63
1006,2023-07-03 14:31:36,202.43,8.89
1007,2023-07-03 14:31:41,203.38,11.56
1008,2023-07-03 14:31:44,200,6.93
1009,2023-07-03 14:31:52,200.68,11.42
1010,2023-07-03 14:31:52,200.62,9.1
1011,2023-07-03 14:32:00,201.49,10.78
1012,2023-07-03 14:32:05,202.73,10.16
1013,2023-07-03 14:32:06,204.03,10.56
1014,2023-07-03 14:32:06,205.14,9.64
1015,2023-07-03 14:32:06,203.16,7.18
1016,2023-07-03 14:32:07,206.11,7.73
1017,2023-07-03 14:32:08,205.94,8.68
1018,2023-07-03 14:32:16,209.89,8.49
1019,2023-07-03 14:32:21,207.42,12.79
1020,2023-07-03 14:32:28,205.11,11.72
1021,2023-07-03 14:32:35,205.61,13.61
1022,2023-07-03 14:32:41,206.74,11.03
1023,2023-07-03 14:32:44,207.69,9.29
1024,2023-07-03 14:32:44,210.36,11.55
1025,2023-07-03 14:32:48,214.62,12.49
1026,2023-07-03 14:32:50,215.98,15.33
1027,2023-07-03 14:32:56,215.52,7.93
1028,2023-07-03 14:33:02,221.27,8.01
1029,2023-07-03 14:33:02,221.75,8.59
1030,2023-07-03 14:33:09,221.92,10.43
1031,2023-07-03 14:33:16,219.04,10
1032,2023-07-03 14:33:17,221.43,11.65
1033,2023-07-03 14:33:19,220.69,9.57
1034,2023-07-03 14:33:26,220,10.53
1035,2023-07-03 14:33:32,217.16,12.5
1036,2023-07-03 14:33:36,217.48,7.85
1037,2023-07-03 14:33:36,217.43,10.44
1038,2023-07-03 14:33:37,213.74,8.23
1039,2023-07-03 14:33:40,215,12.68
1040,2023-07-03 14:33:44,217.16,11.46
1041,2023-07-03 14:33:45,218.97,11.68
1042,2023-07-03 14:33:46,217.51,8.78
1043,2023-07-03 14:33:48,220.35,8.54
1044,2023-07-03 14:33:54,218.29,8.42
1045,2023-07-03 14:33:59,218.7,11.9
1046,2023-07-03 14:34:06,218.09,12.12
1047,2023-07-03 14:34:14,220.32,8.09
1048,2023-07-03 14:34:20,221.18,9.35
1049,2023-07-03 14:34:28,219.14,8.06
1050,2023-07-03 14:34:35,220.16,8.1
1051,2023-07-03 14:34:43,220.82,10.8
1052,2023-07-03 14:34:49,222.7,8.36
1053,2023-07-03 14:34:58,224.53,9.38
1054,2023-07-03 14:35:05,221.23,7.12
1055,2023-07-03 14:35:08,221.56,10.48
1056,2023-07-03 14:35:13,225.9,8.02
1057,2023-07-03 14:35:20,228.19,11.96
1058,2023-07-03 14:35:26,229.26,8.87
1059,2023-07-03 14:35:28,227.73,6.99
1060,2023-07-03 14:35:30,229.07,12.62
1061,2023-07-03 14:35:35,229.92,9.55
1062,2023-07-03 14:35:39,230.51,10.01
1063,2023-07-03 14:35:47,228.96,8.47
1064,2023-07-03 14:35:54,226.95,13.76
1065,2023-07-03 14:35:57,227.56,10.06
1066,2023-07-03 14:35:58,231.35,9.15
1067,2023-07-03 14:36:04,228.8,7.82
1068,2023-07-03 14:36:08,232.05,8.32
1069,2023-07-03 14:36:16,232.04,12.07
1070,2023-07-03 14:36:23,232.72,8.72
1071,2023-07-03 14:36:23,232.78,7.5
1072,2023-07-03 14:36:25,233.59,7.57
1073,2023-07-03 14:36:28,235.83,10.96
1074,2023-07-03 14:36:33,233.6,11.04
1075,2023-07-03 14:36:34,235.57,9.1
1076,2023-07-03 14:36:34,236.38,7.78
1077,2023-07-03 14:36:38,233.74,10.49
1078,2023-07-03 14:36:41,234.43,8.69
1079,2023-07-03 14:36:46,234.09,6.28
1080,2023-07-03 14:36:52,233.66,9.61
1081,2023-07-03 14:36:52,238.83,9.49
1082,2023-07-03 14:37:01,237.48,15.83
1083,2023-07-03 14:37:03,239.68,10.89
1084,2023-07-03 14:37:08,241.42,13.1
1085,2023-07-03 14:37:10,240.84,6.45
1086,2023-07-03 14:37:13,238.49,11.54
1087,2023-07-03 14:37:21,237.81,7.99
1088,2023-07-03 14:37:29,239.92,10.84
1089,2023-07-03 14:37:30,243.26,11.39
1090,2023-07-03 14:37:38,243.2,9.98
1091,2023-07-03 14:37:38,243.04,8.06
1092,2023-07-03 14:37:41,242.63,10.93
1093,2023-07-03 14:37:49,245.57,12.43
1094,2023-07-03 14:37:56,246.19,12.61
1095,2023-07-03 14:37:58,243.96,9.58
1096,2023-07-03 14:38:03,244.91,8.4
1097,2023-07-03 14:38:03,245.66,10.47
1098,2023-07-03 14:38:08,247.17,6.71
1099,2023-07-03 14:38:13,249.03,7.57
1100,2023-07-03 14:38:13,252.4,9.21
1101,2023-07-03 14:38:18,252.08,10.98
1102,2023-07-03 14:38:22,249.88,7.59
1103,2023-07-03 14:38:27,248.66,7.66
1104,2023-07-03 14:38:33,250.66,8.95
1105,2023-07-03 14:38:37,244.81,8.78
1106,2023-07-03 14:38:46,246.68,9.91
1107,2023-07-03 14:38:55,246.13,9.5
1108,2023-07-03 14:39:00,249.26,7.38
1109,2023-07-03 14:39:07,249.78,10.57
1110,2023-07-03 14:39:15,255.84,12.23
1111,2023-07-03 14:39:17,259.67,10.65
1112,2023-07-03 14:39:21,262.5,11.17
1113,2023-07-03 14:39:27,259.45,9.13
1114,2023-07-03 14:39:31,257.28,10.46
1115,2023-07-03 14:39:37,253.66,11.01
1116,2023-07-03 14:39:41,259.36,9.74
1117,2023-07-03 14:39:49,257.51,11.35
1118,2023-07-03 14:39:55,254.92,8.19
1119,2023-07-03 14:40:02,254.7,7.88
1120,2023-07-03 14:40:05,250.66,12.05
1121,2023-07-03 14:40:07,249.46,10.34
1122,2023-07-03 14:40:07,246.19,9.66
1123,2023-07-03 14:40:13,245.5,9.79
1124,2023-07-03 14:40:15,249.23,9.74
1125,2023-07-03 14:40:22,252.6,10.9
1126,2023-07-03 14:40:24,251.24,12.2
1127,2023-07-03 14:40:26,250.32,8.63
1128,2023-07-03 14:40:31,249.5,10.04
1129,2023-07-03 14:40:31,250.68,9.83
1130,2023-07-03 14:40:36,252.51,9.99
1131,2023-07-03 14:40:42,247.73,8.64
1132,2023-07-03 14:40:49,247.44,7.37
1133,2023-07-03 14:40:50,251.8,8.73
1134,2023-07-03 14:40:55,252.62,12.6
1135,2023-07-03 14:41:01,252.1,12.43
1136,2023-07-03 14:41:08,249.66,15.28
1137,2023-07-03 14:41:08,249.82,10.72
1138,2023-07-03 14:41:09,254.57,9.13
1139,2023-07-03 14:41:16,252.85,4.43
1140,2023-07-03 14:41:24,251.9,8.62
1141,2023-07-03 14:41:25,248.56,8.1
1142,2023-07-03 14:41:33,251.32,9.72
1143,2023-07-03 14:41:33,254.41,8.73
1144,2023-07-03 14:41:41,254.33,12.68
1145,2023-07-03 14:41:42,252.68,8.59
1146,2023-07-03 14:41:45,250.3,9.52
1147,2023-07-03 14:41:47,251.23,10.26
1148,2023-07-03 14:41:56,250.65,8.7
1149,2023-07-03 14:41:57,254.51,8.99
1150,2023-07-03 14:41:58,255.48,12.55
1151,2023-07-03 14:41:59,252.81,9.67
1152,2023-07-03 14:42:01,255.26,9.82
1153,2023-07-03 14:42:01,254.07,8.15
1154,2023-07-03 14:42:06,253.12,12.11
1155,2023-07-03 14:42:14,253.03,11.42
1156,2023-07-03 14:42:15,246.96,9.95
1157,2023-07-03 14:42:24,250.37,6.74
1158,2023-07-03 14:42:27,249.7,9.52
1159,2023-07-03 14:42:31,246.11,12.02
1160,2023-07-03 14:42:40,248.36,9.73
1161,2023-07-03 14:42:45,247.78,11.04
1162,2023-07-03 14:42:52,243.07,8.44
1163,2023-07-03 14:42:52,243.31,11.7
1164,2023-07-03 14:42:54,248.08,10.01
1165,2023-07-03 14:42:55,247.62,10.03
1166,2023-07-03 14:43:01,253.54,11.1
1167,2023-07-03 14:43:09,255.32,10.3
1168,2023-07-03 14:43:15,256.32,8.91
1169,2023-07-03 14:43:15,254.25,6.99
1170,2023-07-03 14:43:22,251.92,9.18
1171,2023-07-03 14:43:26,250.55,8.55
1172,2023-07-03 14:43:30,249.11,9.69
1173,2023-07-03 14:43:39,251.93,10.41
1174,2023-07-03 14:43:39,252.86,9.05
1175,2023-07-03 14:43:46,247.13,7.84
1176,2023-07-03 14:43:48,246.69,9.61
1177,2023-07-03 14:43:55,245.47,11.34
1178,2023-07-03 14:44:01,243.24,12.78
1179,2023-07-03 14:44:03,246.26,7.91
1180,2023-07-03 14:44:10,245.26,9.6
1181,2023-07-03 14:44:11,243.11,9.48
1182,2023-07-03 14:44:12,246.45,10.36
1183,2023-07-03 14:44:20,244.89,10.27
1184,2023-07-03 14:44:21,243.33,9.71
1185,2023-07-03 14:44:26,241.84,10.65
1186,2023-07-03 14:44:35,243.44,9.67
1187,2023-07-03 14:44:42,239.54,8.25
1188,2023-07-03 14:44:49,239.83,10.27
1189,2023-07-03 14:44:57,237.51,9.62
1190,2023-07-03 14:44:59,239.24,10.88
1191,2023-07-03 14:45:08,242.37,7.92
1192,2023-07-03 14:45:17,245.24,11.91
1193,2023-07-03 14:45:21,245.78,8.3
1194,2023-07-03 14:45:30,247.57,11.44
1195,2023-07-03 14:45:34,247.41,7.34
1196,2023-07-03 14:45:39,244.48,9.21
1197,2023-07-03 14:45:42,244.68,7.99
1198,2023-07-03 14:45:50,246.28,10.21
1199,2023-07-03 14:45:57,244.25,8.95
1200,2023-07-03 14:45:59,245.68,8.79
1201,2023-07-03 14:46:01,244.76,8.99
1202,2023-07-03 14:46:04,247.77,6.95
1203,2023-07-03 14:46:10,250.87,6.85
1204,2023-07-03 14:46:15,246.93,7.28
1205,2023-07-03 14:46:19,245.78,9.62
1206,2023-07-03 14:46:22,247.01,8.18
1207,2023-07-03 14:46:31,245.69,11.73
1208,2023-07-03 14:46:35,243.97,10.17
1209,2023-07-03 14:46:40,246.32,9.28
1210,2023-07-03 14:46:45,247.07,9.16
1211,2023-07-03 14:46:49,249.23,11.22
1212,2023-07-03 14:46:56,247.71,11.88
1213,2023-07-03 14:47:05,248.36,6.77
1214,2023-07-03 14:47:06,249.7,10.67
1215,2023-07-03 14:47:13,247.15,10.5
1216,2023-07-03 14:47:16,245.6,9.28
1217,2023-07-03 14:47:22,244.38,8.64
1218,2023-07-03 14:47:22,248.02,10.95
1219,2023-07-03 14:47:24,249.68,10.09
1220,2023-07-03 14:47:33,249.75,11.44
1221,2023-07-03 14:47:37,250.76,8.84
1222,2023-07-03 14:47:43,251.07,10.79
1223,2023-07-03 14:47:45,251.56,4.42
1224,2023-07-03 14:47:50,255.61,13.98
1225,2023-07-03 14:47:58,258.22,11.49
1226,2023-07-03 14:47:59,259.14,11.08
1227,2023-07-03 14:48:01,256.95,9.29
1228,2023-07-03 14:48:09,253.73,6.88
1229,2023-07-03 14:48:10,252.51,9.75
1230,2023-07-03 14:48:18,252.63,14.1
1231,2023-07-03 14:48:18,246.82,8.57
1232,2023-07-03 14:48:19,248.98,11.14
1233,2023-07-03 14:48:27,247.84,10.64
1234,2023-07-03 14:48:31,246.65,6.15
1235,2023-07-03 14:48:37,250.9,7.74
1236,2023-07-03 14:48:42,251.42,10.94
1237,2023-07-03 14:48:47,247.38,10.03
1238,2023-07-03 14:48:48,249.63,9.43
1239,2023-07-03 14:48:54,245.98,8.32
1240,2023-07-03 14:49:01,243.23,7.34
1241,2023-07-03 14:49:02,240.8,9.33
1242,2023-07-03 14:49:02,242.61,10.46
1243,2023-07-03 14:49:09,242.28,10.16
1244,2023-07-03 14:49:11,236.2,8.77
1245,2023-07-03 14:49:12,237.02,10.39
1246,2023-07-03 14:49:17,235.13,9.32
1247,2023-07-03 14:49:24,234.88,6.94
1248,2023-07-03 14:49:32,238.58,11.39
1249,2023-07-03 14:49:32,235.84,8.84
1250,2023-07-03 14:49:34,237.59,4.17
1251,2023-07-03 14:49:41,239.39,7.4
1252,2023-07-03 14:49:41,239,9.74
1253,2023-07-03 14:49:42,238.75,8.26
1254,2023-07-03 14:49:51,237.32,11.55
1255,2023-07-03 14:50:00,237.77,11.8
1256,2023-07-03 14:50:05,238.6,8.32
1257,2023-07-03 14:50:11,237.27,10.81
1258,2023-07-03 14:50:14,235.08,7.6
1259,2023-07-03 14:50:19,233.87,9.55
1260,2023-07-03 14:50:27,239.74,11.74
1261,2023-07-03 14:50:29,243.86,11.92
1262,2023-07-03 14:50:36,242.51,7.09
1263,2023-07-03 14:50:39,249.47,8.66
1264,2023-07-03 14:50:45,248.61,12.32
1265,2023-07-03 14:50:50,246.04,8.16
1266,2023-07-03 14:50:55,244.24,10.26
1267,2023-07-03 14:51:00,245.99,7.58
1268,2023-07-03 14:51:09,243.96,8.57
1269,2023-07-03 14:51:14,246.73,13.18
1270,2023-07-03 14:51:15,241.78,9.95
1271,2023-07-03 14:51:24,243.23,12.33
1272,2023-07-03 14:51:24,244.46,9.21
1273,2023-07-03 14:51:26,245.58,11.67
1274,2023-07-03 14:51:26,241.89,8.97
1275,2023-07-03 14:51:34,243.18,9.52
1276,2023-07-03 14:51:40,244.29,11.08
1277,2023-07-03 14:51:49,241.32,8.78
1278,2023-07-03 14:51:58,242.41,9.02
1279,2023-07-03 14:51:58,241.86,10.97
1280,2023-07-03 14:51:59,239.39,7.93
1281,2023-07-03 14:51:59,238.37,6.78
1282,2023-07-03 14:52:06,243.18,10.24
1283,2023-07-03 14:52:08,237.41,10.65
1284,2023-07-03 14:52:10,235.63,9.35
1285,2023-07-03 14:52:16,235.75,7.4
1286,2023-07-03 14:52:19,234.68,12.51
1287,2023-07-03 14:52:25,231.44,11.84
1288,2023-07-03 14:52:25,233.64,8.96
1289,2023-07-03 14:52:25,235.35,10.9
1290,2023-07-03 14:52:32,235.21,11.41
1291,2023-07-03 14:52:38,237.18,7.7
1292,2023-07-03 14:52:40,238.98,7.42
1293,2023-07-03 14:52:47,236.01,9.98
1294,2023-07-03 14:52:50,239.2,10.68
1295,2023-07-03 14:52:50,239.54,11.03
1296,2023-07-03 14:52:58,236.49,10.21
1297,2023-07-03 14:52:58,233.4,9.17
1298,2023-07-03 14:53:06,233.77,9.34
1299,2023-07-03 14:53:11,230.58,9.44
1300,2023-07-03 14:53:14,232,10.36
1301,2023-07-03 14:53:16,230.67,12.43
1302,2023-07-03 14:53:21,233.31,11.34
1303,2023-07-03 14:53:24,234.28,12.87
1304,2023-07-03 14:53:26,232.47,10.22
1305,2023-07-03 14:53:32,231.79,12.37
1306,2023-07-03 14:53:38,233.96,11.81
1307,2023-07-03 14:53:40,235.68,7.5
1308,2023-07-03 14:53:45,235.18,10.05
1309,2023-07-03 14:53:48,235.75,9.15
1310,2023-07-03 14:53:51,234.8,9.45
1311,2023-07-03 14:53:55,234.88,10.15
1312,2023-07-03 14:54:00,230.32,10.3
1313,2023-07-03 14:54:01,233.05,8.11
1314,2023-07-03 14:54:03,230.02,10.87
1315,2023-07-03 14:54:04,228.89,11.27
1316,2023-07-03 14:54:06,229.96,9.52
1317,2023-07-03 14:54:09,231.12,11.04
1318,2023-07-03 14:54:12,229.74,8.18
1319,2023-07-03 14:54:17,232.71,11.02
1320,2023-07-03 14:54:26,233.35,8.29
1321,2023-07-03 14:54:35,233.9,10.09
1322,2023-07-03 14:54:40,230.74,10.77
1323,2023-07-03 14:54:42,229.48,10.72
1324,2023-07-03 14:54:50,227.95,8.75
1325,2023-07-03 14:54:54,226.2,12.14
1326,2023-07-03 14:55:00,219.44,9.94
1327,2023-07-03 14:55:06,217.87,13.12
1328,2023-07-03 14:55:15,215.68,10.52
1329,2023-07-03 14:55:18,216.53,13.21
1330,2023-07-03 14:55:18,218.29,13.74
1331,2023-07-03 14:55:26,218.63,12.26
1332,2023-07-03 14:55:27,220.09,6.75
1333,2023-07-03 14:55:28,216.13,7.05
1334,2023-07-03 14:55:31,213.47,10.02
1335,2023-07-03 14:55:33,213.53,12.05
1336,2023-07-03 14:55:35,212.62,9.66
1337,2023-07-03 14:55:35,213.71,10.72
1338,2023-07-03 14:55:43,213.23,8.1
1339,2023-07-03 14:55:50,213.51,8.37
1340,2023-07-03 14:55:53,209.07,8.11
1341,2023-07-03 14:55:54,209.15,9.64
1342,2023-07-03 14:55:55,206.89,9.35
1343,2023-07-03 14:55:57,209.92,11.04
1344,2023-07-03 14:56:05,208.11,14.45
1345,2023-07-03 14:56:14,208.27,12.07
1346,2023-07-03 14:56:20,207.6,9.26
1347,2023-07-03 14:56:29,211.42,10.17
1348,2023-07-03 14:56:33,208.24,8.49
1349,2023-07-03 14:56:33,204.9,7.32
1350,2023-07-03 14:56:41,201.16,7.48
1351,2023-07-03 14:56:47,200.33,12.28
1352,2023-07-03 14:56:51,204.27,10.34
1353,2023-07-03 14:56:58,201.53,11.53
1354,2023-07-03 14:57:06,204.88,8.01
1355,2023-07-03 14:57:11,206.51,10.17
1356,2023-07-03 14:57:12,204.56,9.35
1357,2023-07-03 14:57:13,202.82,9.24
1358,2023-07-03 14:57:17,203.49,10.79
1359,2023-07-03 14:57:20,203.96,12.3
1360,2023-07-03 14:57:21,201.06,15.58
1361,2023-07-03 14:57:21,204.76,10.77
1362,2023-07-03 14:57:28,203.45,12.53
1363,2023-07-03 14:57:37,205.21,8.32
1364,2023-07-03 14:57:44,203.82,8.01
1365,2023-07-03 14:57:44,202.78,10.08
1366,2023-07-03 14:57:50,203.5,11.42
1367,2023-07-03 14:57:51,204.78,12.68
1368,2023-07-03 14:57:54,204.03,7.77
1369,2023-07-03 14:57:59,202.99,9.78
1370,2023-07-03 14:58:01,205.34,9.92
1371,2023-07-03 14:58:09,207.83,11.56
1372,2023-07-03 14:58:15,210.34,10.94
1373,2023-07-03 14:58:15,211.33,7.88
1374,2023-07-03 14:58:21,211.43,9.72
1375,2023-07-03 14:58:23,210.07,10.61
1376,2023-07-03 14:58:31,211.54,5.24
1377,2023-07-03 14:58:37,210.82,12.55
1378,2023-07-03 14:58:43,208.7,10.74
1379,2023-07-03 14:58:46,209.3,9.46
1380,2023-07-03 14:58:51,207.04,10.38
1381,2023-07-03 14:58:53,209.2,15.46
1382,2023-07-03 14:58:53,211.25,14.69
1383,2023-07-03 14:58:59,212.27,8.28
1384,2023-07-03 14:59:03,212.95,9.88
1385,2023-07-03 14:59:09,211.9,11.26
1386,2023-07-03 14:59:18,212.6,12.3
1387,2023-07-03 14:59:19,211.6,11.15
1388,2023-07-03 14:59:22,213.18,10.13
1389,2023-07-03 14:59:26,211.64,10.22
1390,2023-07-03 14:59:27,211.18,9.37
1391,2023-07-03 14:59:33,209.08,11.8
1392,2023-07-03 14:59:41,209.65,10.54
1393,2023-07-03 14:59:46,208.4,7
1394,2023-07-03 14:59:48,204.08,8.5
1395,2023-07-03 14:59:48,205.9,9.96
1396,2023-07-03 14:59:48,205.53,10.42
1397,2023-07-03 14:59:51,205.79,10.55
1398,2023-07-03 14:59:58,205.06,8.4
1399,2023-07-03 14:59:58,205.36,9.55
1400,2023-07-03 14:59:58,202.94,9.2
1401,2023-07-03 15:00:06,195.93,12.23
1402,2023-07-03 15:00:15,196.62,8.57
1403,2023-07-03 15:00:16,198.16,10.21
1404,2023-07-03 15:00:25,201.15,10.53
1405,2023-07-03 15:00:27,200.03,7.46
1406,2023-07-03 15:00:29,200.91,12.86
1407,2023-07-03 15:00:36,199.67,14.12
1408,2023-07-03 15:00:40,202.06,5.81
1409,2023-07-03 15:00:43,203.99,5.92
1410,2023-07-03 15:00:47,204.45,12.4
1411,2023-07-03 15:00:56,205.38,7.13
1412,2023-07-03 15:00:58,208.3,11.12
1413,2023-07-03 15:00:59,206.02,10.35
1414,2023-07-03 15:01:05,208.58,9.13
1415,2023-07-03 15:01:05,211.43,13.26
1416,2023-07-03 15:01:06,213.37,10.58
1417,2023-07-03 15:01:10,214.14,10.3
1418,2023-07-03 15:01:19,215.89,7.42
1419,2023-07-03 15:01:26,213.59,9.7
1420,2023-07-03 15:01:28,213.19,12.67
1421,2023-07-03 15:01:28,218.84,11.1
1422,2023-07-03 15:01:30,215.07,13.17
1423,2023-07-03 15:01:38,213.12,9.91
1424,2023-07-03 15:01:40,208.01,8.9
1425,2023-07-03 15:01:45,206.13,10.12
1426,2023-07-03 15:01:51,205.82,10.51
1427,2023-07-03 15:01:53,211.4,9.56
1428,2023-07-03 15:02:01,209.98,10.47
1429,2023-07-03 15:02:08,206.22,11.75
1430,2023-07-03 15:02:13,206.02,10.02
1431,2023-07-03 15:02:15,207.41,10.57
1432,2023-07-03 15:02:24,209.38,12.18
1433,2023-07-03 15:02:26,210.93,12.04
1434,2023-07-03 15:02:33,211.05,9.42
1435,2023-07-03 15:02:40,210.68,9.88
1436,2023-07-03 15:02:41,214.62,9.07
1437,2023-07-03 15:02:43,217.95,8.63
1438,2023-07-03 15:02:50,216.23,14.99
1439,2023-07-03 15:02:50,214.78,10.16
1440,2023-07-03 15:02:57,216.14,5.9
1441,2023-07-03 15:02:58,217.89,9.83
1442,2023-07-03 15:03:03,216.3,10.01
1443,2023-07-03 15:03:04,217.88,12.96
1444,2023-07-03 15:03:11,218.06,10.72
1445,2023-07-03 15:03:18,218.46,7.96
1446,2023-07-03 15:03:19,217.23,12.62
1447,2023-07-03 15:03:22,218.21,9.26
1448,2023-07-03 15:03:31,217.13,8.99
1449,2023-07-03 15:03:35,217.82,8.94
1450,2023-07-03 15:03:44,219.01,10.11
1451,2023-07-03 15:03:44,214.58,9.56
1452,2023-07-03 15:03:52,215.69,8.64
1453,2023-07-03 15:03:53,217.13,9.39
1454,2023-07-03 15:04:00,215.83,7.91
1455,2023-07-03 15:04:07,215.85,9.11
1456,2023-07-03 15:04:16,216.84,11.66
1457,2023-07-03 15:04:19,219.05,11.51
1458,2023-07-03 15:04:21,214.78,11.53
1459,2023-07-03 15:04:24,214.51,12.4
1460,2023-07-03 15:04:33,211.29,8.33
1461,2023-07-03 15:04:37,212.37,8.82
1462,2023-07-03 15:04:43,218.97,8.51
1463,2023-07-03 15:04:44,217.35,8.93
1464,2023-07-03 15:04:49,214.83,7.92
1465,2023-07-03 15:04:54,216.94,9.67
1466,2023-07-03 15:04:56,216.77,9.82
1467,2023-07-03 15:04:59,216.44,10.81
1468,2023-07-03 15:05:07,217.57,6.39
1469,2023-07-03 15:05:16,219.67,11.27
1470,2023-07-03 15:05:22,218.93,8.77
1471,2023-07-03 15:05:30,218.95,13.15
1472,2023-07-03 15:05:37,215.1,12.99
1473,2023-07-03 15:05:40,216.9,8.93
1474,2023-07-03 15:05:45,214.41,11.65
1475,2023-07-03 15:05:47,217.16,7.9
1476,2023-07-03 15:05:54,217.72,8.15
1477,2023-07-03 15:05:59,219.04,11.47
1478,2023-07-03 15:06:03,220.81,6.58
1479,2023-07-03 15:06:03,220.42,10.1
1480,2023-07-03 15:06:09,219.83,10.14
1481,2023-07-03 15:06:12,217.51,9.93
1482,2023-07-03 15:06:20,217.89,3.84
1483,2023-07-03 15:06:24,217.36,6.81
1484,2023-07-03 15:06:27,218.68,7.01
1485,2023-07-03 15:06:28,218.98,10.45
1486,2023-07-03 15:06:30,220.98,12.55
1487,2023-07-03 15:06:34,220.11,9.3
1488,2023-07-03 15:06:40,221.59,10.9
1489,2023-07-03 15:06:48,222.87,10.78
1490,2023-07-03 15:06:48,221.05,10.08
1491,2023-07-03 15:06:57,219.44,11.57
1492,2023-07-03 15:07:01,216.88,8.9
1493,2023-07-03 15:07:03,214.3,11.53
1494,2023-07-03 15:07:08,213.14,11.16
1495,2023-07-03 15:07:17,212.17,10.14
1496,2023-07-03 15:07:23,211.91,9.17
1497,2023-07-03 15:07:29,207.93,12.49
1498,2023-07-03 15:07:34,208.73,11.15
1499,2023-07-03 15:07:37,205.07,10.26
1500,2023-07-03 15:07:46,205.81,9.37
1501,2023-07-03 15:07:46,203.52,10.2
1502,2023-07-03 15:07:48,203.92,9.45
1503,2023-07-03 15:07:50,204.68,9.24
1504,2023-07-03 15:07:53,206.2,9.28
1505,2023-07-03 15:07:53,207.3,7.67
1506,2023-07-03 15:07:57,207.92,7.72
1507,2023-07-03 15:08:03,208.23,9.06
1508,2023-07-03 15:08:11,205.13,5.8
1509,2023-07-03 15:08:12,206.25,7.44
1510,2023-07-03 15:08:12,212.55,8.58
1511,2023-07-03 15:08:21,213.44,9.41
1512,2023-07-03 15:08:27,212.09,13.68
1513,2023-07-03 15:08:29,214.08,9.74
1514,2023-07-03 15:08:29,213.02,8.74
1515,2023-07-03 15:08:34,213.62,9.68
1516,2023-07-03 15:08:35,213.51,10.29
1517,2023-07-03 15:08:44,213.44,11.18
1518,2023-07-03 15:08:47,212.76,11.86
1519,2023-07-03 15:08:49,210.89,11.61
1520,2023-07-03 15:08:49,210.58,10.92
1521,2023-07-03 15:08:54,206.38,10.77
1522,2023-07-03 15:08:59,206.08,9.39
1523,2023-07-03 15:09:00,205.29,12.73
1524,2023-07-03 15:09:08,206.94,11.57
1525,2023-07-03 15:09:11,207.61,7.22
1526,2023-07-03 15:09:16,205.9,9.56
1527,2023-07-03 15:09:25,203.68,12.36
1528,2023-07-03 15:09:33,203.84,10.36
1529,2023-07-03 15:09:37,205.33,7.43
1530,2023-07-03 15:09:37,205.37,9.94
1531,2023-07-03 15:09:43,207.35,14.38
1532,2023-07-03 15:09:50,205.6,13.67
1533,2023-07-03 15:09:50,207.6,9.33
1534,2023-07-03 15:09:54,206.8,9.32
1535,2023-07-03 15:09:54,208.25,6.29
1536,2023-07-03 15:09:54,208.14,12.78
1537,2023-07-03 15:10:01,205.1,8.09
1538,2023-07-03 15:10:09,199.06,8.78
1539,2023-07-03 15:10:11,199.63,9.05
1540,2023-07-03 15:10:17,198.16,9.73
1541,2023-07-03 15:10:17,199.96,12.23
1542,2023-07-03 15:10:25,196.05,8.61
1543,2023-07-03 15:10:33,193.04,8.51
1544,2023-07-03 15:10:40,192.54,9.29
1545,2023-07-03 15:10:41,193.53,10.78
1546,2023-07-03 15:10:44,192.26,10.77
1547,2023-07-03 15:10:51,191.34,11.49
1548,2023-07-03 15:10:58,193.49,7.5
1549,2023-07-03 15:11:05,190.79,8.42
1550,2023-07-03 15:11:07,188.09,8.76
1551,2023-07-03 15:11:08,189.68,9.83
1552,2023-07-03 15:11:10,192.19,9.11
1553,2023-07-03 15:11:19,193.29,7.4
1554,2023-07-03 15:11:22,195.82,6.97
1555,2023-07-03 15:11:28,191.76,10.9
1556,2023-07-03 15:11:32,189.45,8.36
1557,2023-07-03 15:11:34,189.71,13.98
1558,2023-07-03 15:11:40,189.35,11.29
1559,2023-07-03 15:11:46,188.95,12.61
1560,2023-07-03 15:11:51,192.35,9.49
1561,2023-07-03 15:11:52,191.97,9.3
1562,2023-07-03 15:12:00,191.58,8.69
1563,2023-07-03 15:12:00,191.77,9.21
1564,2023-07-03 15:12:00,191.15,11.53
1565,2023-07-03 15:12:09,188.62,8.66
1566,2023-07-03 15:12:11,189,11.08
1567,2023-07-03 15:12:12,186.38,9.19
1568,2023-07-03 15:12:16,185.59,8.17
1569,2023-07-03 15:12:18,184.68,7.43
1570,2023-07-03 15:12:18,184.7,5.12
1571,2023-07-03 15:12:19,186.9,10.3
1572,2023-07-03 15:12:23,186.12,7.37
1573,2023-07-03 15:12:31,186.18,7.47
1574,2023-07-03 15:12:32,182.57,9.13
1575,2023-07-03 15:12:33,183.88,8.33
1576,2023-07-03 15:12:33,183.66,7.73
1577,2023-07-03 15:12:33,182.82,9.24
1578,2023-07-03 15:12:41,181.87,6.97
1579,2023-07-03 15:12:46,181.44,9.46
1580,2023-07-03 15:12:54,181.67,9.68
1581,2023-07-03 15:13:03,183.08,11.24
1582,2023-07-03 15:13:09,181.92,9.25
1583,2023-07-03 15:13:10,183.1,11.77
1584,2023-07-03 15:13:11,184.81,8.63
1585,2023-07-03 15:13:11,184.94,11.54
1586,2023-07-03 15:13:18,183.83,7.05
1587,2023-07-03 15:13:22,184.23,10.96
1588,2023-07-03 15:13:23,179.92,11.09
1589,2023-07-03 15:13:32,181.21,7.9
1590,2023-07-03 15:13:32,183.23,12.11
1591,2023-07-03 15:13:39,182.8,9.95
1592,2023-07-03 15:13:44,181.21,11.83
1593,2023-07-03 15:13:49,183.27,8.1
1594,2023-07-03 15:13:52,185.44,10.64
1595,2023-07-03 15:13:53,184.13,10.99
1596,2023-07-03 15:13:58,183.5,9.65
1597,2023-07-03 15:14:05,184.58,8.04
1598,2023-07-03 15:14:08,182.94,12.15
1599,2023-07-03 15:14:09,181.55,6.41
1600,2023-07-03 15:14:11,179.5,9.66
1601,2023-07-03 15:14:19,178.35,10.33
1602,2023-07-03 15:14:20,180.31,13.89
1603,2023-07-03 15:14:23,181.45,7.97
1604,2023-07-03 15:14:28,178.46,11.19
1605,2023-07-03 15:14:33,178.05,11.1
1606,2023-07-03 15:14:38,180.16,11.39
1607,2023-07-03 15:14:38,181.35,7.59
1608,2023-07-03 15:14:38,182.82,10.89
1609,2023-07-03 15:14:38,181.66,9.59
1610,2023-07-03 15:14:42,178.42,11.91
1611,2023-07-03 15:14:47,176.54,11.13
1612,2023-07-03 15:14:55,179.19,10.46
1613,2023-07-03 15:14:57,180.88,8.29
1614,2023-07-03 15:14:59,176.94,11.4
1615,2023-07-03 15:15:00,178.56,10.62
1616,2023-07-03 15:15:04,176.68,10.87
1617,2023-07-03 15:15:10,178.05,7.35
1618,2023-07-03 15:15:11,176.49,8.89
1619,2023-07-03 15:15:15,176.28,8.49
1620,2023-07-03 15:15:23,174.14,10.14
1621,2023-07-03 15:15:31,174.06,8.71
1622,2023-07-03 15:15:34,176.21,9.66
1623,2023-07-03 15:15:37,173.69,7.67
1624,2023-07-03 15:15:41,174.3,12.1
1625,2023-07-03 15:15:42,173.21,10.69
1626,2023-07-03 15:15:45,170.9,8.15
1627,2023-07-03 15:15:49,171.25,13.17
1628,2023-07-03 15:15:50,172.27,6.7
1629,2023-07-03 15:15:55,171.18,12.93
1630,2023-07-03 15:16:01,173.74,8.29
1631,2023-07-03 15:16:10,172.08,7.73
1632,2023-07-03 15:16:13,168.57,9.81
1633,2023-07-03 15:16:16,169.35,10.04
1634,2023-07-03 15:16:16,166.7,6.14
1635,2023-07-03 15:16:23,167,9.18
1636,2023-07-03 15:16:26,166.12,9.49
1637,2023-07-03 15:16:34,165.31,10.62
1638,2023-07-03 15:16:43,162.94,9
1639,2023-07-03 15:16:49,159.33,10.48
1640,2023-07-03 15:16:55,159.66,9.68
1641,2023-07-03 15:16:59,157.43,10.85
1642,2023-07-03 15:17:02,156.62,8.31
1643,2023-07-03 15:17:11,152.93,12.32
1644,2023-07-03 15:17:12,154.37,7.68
1645,2023-07-03 15:17:14,153.09,11.57
1646,2023-07-03 15:17:16,152.49,11.96
1647,2023-07-03 15:17:24,153.6,9.73
1648,2023-07-03 15:17:26,154.76,10.08
1649,2023-07-03 15:17:35,155.12,11.74
1650,2023-07-03 15:17:41,154.75,5.97
1651,2023-07-03 15:17:41,154.8,11.53
1652,2023-07-03 15:17:46,153.81,6.3
1653,2023-07-03 15:17:47,153.06,12.76
1654,2023-07-03 15:17:51,154.34,13
1655,2023-07-03 15:18:00,153.78,7.61
1656,2023-07-03 15:18:00,154.28,10.71
1657,2023-07-03 15:18:05,155.38,8.82
1658,2023-07-03 15:18:07,156.74,12.94
1659,2023-07-03 15:18:16,157.01,10.5
1660,2023-07-03 15:18:21,158.81,6.8
1661,2023-07-03 15:18:29,161.62,9.8
1662,2023-07-03 15:18:31,161.94,8.61
1663,2023-07-03 15:18:33,163.1,13.48
1664,2023-07-03 15:18:33,163.16,10.05
1665,2023-07-03 15:18:42,157.28,10.44
1666,2023-07-03 15:18:42,156.7,11.3
1667,2023-07-03 15:18:48,156.87,10.17
1668,2023-07-03 15:18:57,154.89,4.48
1669,2023-07-03 15:19:01,156.59,10.96
1670,2023-07-03 15:19:08,157.06,9.32
1671,2023-07-03 15:19:15,158.03,8.47
1672,2023-07-03 15:19:15,159.62,10.9
1673,2023-07-03 15:19:19,158.79,9.92
1674,2023-07-03 15:19:28,156.96,11.79
1675,2023-07-03 15:19:30,154.22,10.04
1676,2023-07-03 15:19:30,153.72,6.31
1677,2023-07-03 15:19:38,154.06,7.91
1678,2023-07-03 15:19:43,154.1,11.13
1679,2023-07-03 15:19:50,154.53,13.55
1680,2023-07-03 15:19:54,154.19,10.12
1681,2023-07-03 15:20:00,154.79,10.57
1682,2023-07-03 15:20:05,152.97,9.05
1683,2023-07-03 15:20:11,153.71,10
1684,2023-07-03 15:20:18,154.77,9.79
1685,2023-07-03 15:20:20,154.07,12.97
1686,2023-07-03 15:20:21,153.67,10
1687,2023-07-03 15:20:26,152.59,13.1
1688,2023-07-03 15:20:35,155.48,10.01
1689,2023-07-03 15:20:38,153.3,12.96
1690,2023-07-03 15:20:40,154.98,5.94
1691,2023-07-03 15:20:43,154.54,10.4
1692,2023-07-03 15:20:50,153.88,10.26
1693,2023-07-03 15:20:58,156.74,9.06
1694,2023-07-03 15:21:06,155.91,6.96
1695,2023-07-03 15:21:11,154.96,9.63
1696,2023-07-03 15:21:15,153.18,9.74
1697,2023-07-03 15:21:19,154.53,9.1
1698,2023-07-03 15:21:24,156.37,10.98
1699,2023-07-03 15:21:28,158.7,10.22
1700,2023-07-03 15:21:32,162.33,10.72
1701,2023-07-03 15:21:33,164.24,10.29
1702,2023-07-03 15:21:39,167.16,8.29
1703,2023-07-03 15:21:43,166.85,12.55
1704,2023-07-03 15:21:48,165.58,9.5
1705,2023-07-03 15:21:53,167.34,12.11
1706,2023-07-03 15:21:57,167.01,11.62
1707,2023-07-03 15:22:03,163.1,10.47
1708,2023-07-03 15:22:11,162.61,8.07
1709,2023-07-03 15:22:17,162.14,9.4
1710,2023-07-03 15:22:19,159.79,12.02
1711,2023-07-03 15:22:28,159.63,10.33
1712,2023-07-03 15:22:29,160.52,10.39
1713,2023-07-03 15:22:36,162.09,9.11
1714,2023-07-03 15:22:41,161.15,9.7
1715,2023-07-03 15:22:42,162.89,6.82
1716,2023-07-03 15:22:43,161.62,8.74
1717,2023-07-03 15:22:50,162.78,8.32
1718,2023-07-03 15:22:55,160.48,8.63
1719,2023-07-03 15:22:59,162.52,11.22
1720,2023-07-03 15:23:05,163.32,8.04
1721,2023-07-03 15:23:11,163.37,12.64
1722,2023-07-03 15:23:20,161.03,9.57
1723,2023-07-03 15:23:27,162.3,9.58
1724,2023-07-03 15:23:34,162.05,8.78
1725,2023-07-03 15:23:35,162.54,4.19
1726,2023-07-03 15:23:35,162.26,11.22
1727,2023-07-03 15:23:37,162.9,7.49
1728,2023-07-03 15:23:46,161.56,10.7
1729,2023-07-03 15:23:49,165.09,12.2
1730,2023-07-03 15:23:52,164.2,5.56
1731,2023-07-03 15:23:57,165.01,11.13
1732,2023-07-03 15:23:58,166.16,10.16
1733,2023-07-03 15:24:05,166.77,6.2
1734,2023-07-03 15:24:05,168.35,9.74
1735,2023-07-03 15:24:06,165.04,9.72
1736,2023-07-03 15:24:11,168.08,10.67
1737,2023-07-03 15:24:16,168.41,8.76
1738,2023-07-03 15:24:17,170.62,9.75
1739,2023-07-03 15:24:17,169.54,11.75
1740,2023-07-03 15:24:21,169.68,11.32
1741,2023-07-03 15:24:24,169.16,11.23
1742,2023-07-03 15:24:28,169.61,8.02
1743,2023-07-03 15:24:33,169.78,10.92
1744,2023-07-03 15:24:34,169.35,9.94
1745,2023-07-03 15:24:36,170.02,11.5
1746,2023-07-03 15:24:39,169.69,9.38
1747,2023-07-03 15:24:41,168.17,10.48
1748,2023-07-03 15:24:48,166.9,14.04
1749,2023-07-03 15:24:52,166.4,9.76
1750,2023-07-03 15:25:01,165.6,8.11
1751,2023-07-03 15:25:02,165.55,10.98
1752,2023-07-03 15:25:04,165.23,9.41
1753,2023-07-03 15:25:13,169.21,5.74
1754,2023-07-03 15:25:19,169.37,7.31
1755,2023-07-03 15:25:27,170.28,9.4
1756,2023-07-03 15:25:36,169.6,7.78
1757,2023-07-03 15:25:37,171.45,15.37
1758,2023-07-03 15:25:38,168.98,11.64
1759,2023-07-03 15:25:42,167.65,10.03
1760,2023-07-03 15:25:42,167.64,10.24
1761,2023-07-03 15:25:43,163.86,8.46
1762,2023-07-03 15:25:44,163.14,14.45
1763,2023-07-03 15:25:48,164.33,9.75
1764,2023-07-03 15:25:49,164.72,9.64
1765,2023-07-03 15:25:50,170.54,10.81
1766,2023-07-03 15:25:53,171.55,7.87
1767,2023-07-03 15:26:01,171.01,12.81
1768,2023-07-03 15:26:01,176.22,11.24
1769,2023-07-03 15:26:09,176.95,8.27
1770,2023-07-03 15:26:18,178.43,10.86
1771,2023-07-03 15:26:18,178.26,11.43
1772,2023-07-03 15:26:26,177.77,7.65
1773,2023-07-03 15:26:33,181.35,11.61
1774,2023-07-03 15:26:39,177.63,11.37
1775,2023-07-03 15:26:43,173.89,8.95
1776,2023-07-03 15:26:45,176.66,11
1777,2023-07-03 15:26:48,176.69,9.58
1778,2023-07-03 15:26:55,177.14,5.44
1779,2023-07-03 15:26:57,174.44,9.36
1780,2023-07-03 15:27:02,175.2,6.26
1781,2023-07-03 15:27:05,174.38,9.76
1782,2023-07-03 15:27:05,175,10.4
1783,2023-07-03 15:27:14,173.41,10.42
1784,2023-07-03 15:27:21,173.39,9.55
1785,2023-07-03 15:27:23,175.05,6.19
1786,2023-07-03 15:27:28,176.43,10.13
1787,2023-07-03 15:27:28,177.08,6.78
1788,2023-07-03 15:27:29,179.84,6.82
1789,2023-07-03 15:27:34,181.42,9.41
1790,2023-07-03 15:27:37,181.98,11.1
1791,2023-07-03 15:27:37,183.28,12.94
1792,2023-07-03 15:27:39,184.29,8.21
1793,2023-07-03 15:27:42,185.18,11.52
1794,2023-07-03 15:27:48,183.77,11.76
1795,2023-07-03 15:27:50,181.71,8.81
1796,2023-07-03 15:27:53,181.83,8.41
1797,2023-07-03 15:27:56,184.71,8.93
1798,2023-07-03 15:28:02,183.55,8.3
1799,2023-07-03 15:28:04,179.93,9.89
1800,2023-07-03 15:28:07,178.93,7.25
1801,2023-07-03 15:28:16,178.35,11.98
1802,2023-07-03 15:28:22,178.22,7.92
1803,2023-07-03 15:28:31,177.17,12.01
1804,2023-07-03 15:28:33,177.32,13.36
1805,2023-07-03 15:28:36,176.9,12.84
1806,2023-07-03 15:28:44,177.67,9.44
1807,2023-07-03 15:28:44,175.57,12.4
1808,2023-07-03 15:28:52,173.4,6.97
1809,2023-07-03 15:28:59,173.84,9.18
1810,2023-07-03 15:29:06,178.4,9.49
1811,2023-07-03 15:29:13,180.71,9.84
1812,2023-07-03 15:29:19,179.29,11.33
1813,2023-07-03 15:29:24,181.51,11.22
1814,2023-07-03 15:29:27,179.64,13.93
1815,2023-07-03 15:29:31,177.01,12.71
1816,2023-07-03 15:29:33,173.46,7.45
1817,2023-07-03 15:29:39,176.07,8.15
1818,2023-07-03 15:29:41,175.18,10.59
1819,2023-07-03 15:29:45,173.95,7.79
1820,2023-07-03 15:29:53,173.52,10.79
1821,2023-07-03 15:29:55,171.72,15.99
1822,2023-07-03 15:30:00,170.76,8.37
1823,2023-07-03 15:30:07,170.8,10.09
1824,2023-07-03 15:30:15,170.75,11.58
1825,2023-07-03 15:30:21,171.83,12.32
1826,2023-07-03 15:30:24,171.78,9.38
1827,2023-07-03 15:30:30,165.22,8.7
1828,2023-07-03 15:30:39,162.77,13.74
1829,2023-07-03 15:30:45,165.93,10.06
1830,2023-07-03 15:30:53,163.13,10.6
1831,2023-07-03 15:31:00,164.22,11.09
1832,2023-07-03 15:31:06,165.89,11.33
1833,2023-07-03 15:31:06,165.33,9.37
1834,2023-07-03 15:31:08,165.38,10.25
1835,2023-07-03 15:31:14,166.47,10.23
1836,2023-07-03 15:31:23,168.3,8.1
1837,2023-07-03 15:31:28,167.23,11.85
1838,2023-07-03 15:31:32,165.56,10.08
1839,2023-07-03 15:31:36,164.75,8.15
1840,2023-07-03 15:31:40,165.65,8.33
1841,2023-07-03 15:31:45,163.47,10.38
1842,2023-07-03 15:31:49,165.37,9.58
1843,2023-07-03 15:31:56,164.06,9.26
1844,2023-07-03 15:32:01,166.14,8.02
1845,2023-07-03 15:32:10,167.93,7.69
1846,2023-07-03 15:32:16,167.01,10.3
1847,2023-07-03 15:32:23,166.48,7.06
1848,2023-07-03 15:32:23,165.59,12.88
1849,2023-07-03 15:32:28,167.63,9.62
1850,2023-07-03 15:32:30,167.1,9.69
1851,2023-07-03 15:32:35,165.32,10.83
1852,2023-07-03 15:32:43,163.19,9.63
1853,2023-07-03 15:32:44,165.49,8.25
1854,2023-07-03 15:32:48,165.3,8.21
1855,2023-07-03 15:32:50,165.39,9.96
1856,2023-07-03 15:32:57,164.11,8.76
1857,2023-07-03 15:32:57,162.3,13.65
1858,2023-07-03 15:33:03,163.23,10.69
1859,2023-07-03 15:33:06,162.05,8.58
1860,2023-07-03 15:33:10,162.28,8.05
1861,2023-07-03 15:33:10,162.75,11.17
1862,2023-07-03 15:33:11,164.77,8.76
1863,2023-07-03 15:33:11,164.94,9.31
1864,2023-07-03 15:33:14,166.11,10.01
1865,2023-07-03 15:33:19,170.22,6.94
1866,2023-07-03 15:33:27,169.84,11.98
1867,2023-07-03 15:33:28,169.66,10.33
1868,2023-07-03 15:33:28,167.74,10.09
1869,2023-07-03 15:33:30,165.67,8.68
1870,2023-07-03 15:33:30,166.29,7.88
1871,2023-07-03 15:33:32,165.51,10.76
1872,2023-07-03 15:33:39,164.36,10.74
1873,2023-07-03 15:33:46,164.34,10.87
1874,2023-07-03 15:33:51,164.23,8.99
1875,2023-07-03 15:33:56,165.51,11.83
1876,2023-07-03 15:34:02,168.18,9.88
1877,2023-07-03 15:34:06,167.7,12.93
1878,2023-07-03 15:34:14,166.94,9.38
1879,2023-07-03 15:34:18,165.73,9.6
1880,2023-07-03 15:34:21,164.37,8.22
1881,2023-07-03 15:34:29,161.96,8.48
1882,2023-07-03 15:34:33,163.99,10.85
1883,2023-07-03 15:34:33,164.99,11.02
1884,2023-07-03 15:34:42,165.57,11.22
1885,2023-07-03 15:34:49,166.99,9.97
1886,2023-07-03 15:34:51,169.57,9.14
1887,2023-07-03 15:34:56,168.18,11.22
1888,2023-07-03 15:34:56,166.18,12.19
1889,2023-07-03 15:35:03,165.54,9.42
1890,2023-07-03 15:35:07,165.11,10.75
1891,2023-07-03 15:35:14,168.18,11.81
1892,2023-07-03 15:35:21,170.96,11.28
1893,2023-07-03 15:35:27,171.8,11.11
1894,2023-07-03 15:35:34,171.87,9.56
1895,2023-07-03 15:35:39,171.41,10.4
1896,2023-07-03 15:35:39,169.53,5.87
1897,2023-07-03 15:35:43,168.32,9.38
1898,2023-07-03 15:35:43,168.44,8.48
1899,2023-07-03 15:35:44,167.41,7.9
1900,2023-07-03 15:35:49,167.46,12.59
1901,2023-07-03 15:35:58,170.1,11.78
1902,2023-07-03 15:35:58,168.92,9.9
1903,2023-07-03 15:36:07,169.07,9.84
1904,2023-07-03 15:36:07,170.25,10.58
1905,2023-07-03 15:36:13,169.95,10.6
1906,2023-07-03 15:36:18,170.73,10.27
1907,2023-07-03 15:36:24,170,10.76
1908,2023-07-03 15:36:25,168.34,9.11
1909,2023-07-03 15:36:25,168.65,7.58
1910,2023-07-03 15:36:27,170.63,12.02
1911,2023-07-03 15:36:27,171.85,9.39
1912,2023-07-03 15:36:31,171.22,9.74
1913,2023-07-03 15:36:40,169.84,11.69
1914,2023-07-03 15:36:40,170.4,12.25
1915,2023-07-03 15:36:49,167.15,13.33
1916,2023-07-03 15:36:54,169.98,12
1917,2023-07-03 15:36:57,170.88,10.7
1918,2023-07-03 15:37:06,170.13,12.52
1919,2023-07-03 15:37:07,169.69,10.29
1920,2023-07-03 15:37:13,168.43,10.66
1921,2023-07-03 15:37:17,165.88,12.58
1922,2023-07-03 15:37:19,164.28,10.72
1923,2023-07-03 15:37:25,163.54,9.25
1924,2023-07-03 15:37:26,163.86,9.45
1925,2023-07-03 15:37:33,163.94,5.42
1926,2023-07-03 15:37:34,165.06,10.56
1927,2023-07-03 15:37:37,163.86,13.79
1928,2023-07-03 15:37:40,160.63,7.81
1929,2023-07-03 15:37:44,161.75,12.24
1930,2023-07-03 15:37:49,163.27,6.9
1931,2023-07-03 15:37:57,165.77,11.11
1932,2023-07-03 15:37:58,166.29,8.06
1933,2023-07-03 15:37:58,168.31,12.54
1934,2023-07-03 15:38:04,167.13,11.34
1935,2023-07-03 15:38:09,169.33,9.54
1936,2023-07-03 15:38:14,167.52,10.02
1937,2023-07-03 15:38:22,162.87,7.62
1938,2023-07-03 15:38:31,163.65,14.2
1939,2023-07-03 15:38:37,165.32,11.3
1940,2023-07-03 15:38:41,167.14,9.73
1941,2023-07-03 15:38:41,168.03,12.06
1942,2023-07-03 15:38:41,168.4,10.63
1943,2023-07-03 15:38:43,165.27,9.27
1944,2023-07-03 15:38:44,168.05,6.72
1945,2023-07-03 15:38:47,168.41,10.4
1946,2023-07-03 15:38:56,169.12,9.69
1947,2023-07-03 15:39:05,168.21,11.53
1948,2023-07-03 15:39:09,165.6,9.92
1949,2023-07-03 15:39:09,162.96,6.71
1950,2023-07-03 15:39:10,160.82,8.24
1951,2023-07-03 15:39:15,161.59,12.61
1952,2023-07-03 15:39:16,161.08,10.41
1953,2023-07-03 15:39:23,159.89,12.89
1954,2023-07-03 15:39:26,160.41,10.02
1955,2023-07-03 15:39:28,161.61,11.66
1956,2023-07-03 15:39:29,161.18,11.25
1957,2023-07-03 15:39:31,161.31,10.4
1958,2023-07-03 15:39:33,160.12,11.16
1959,2023-07-03 15:39:36,157.92,9.99
1960,2023-07-03 15:39:38,157.14,10.16
1961,2023-07-03 15:39:46,157.73,10.73
1962,2023-07-03 15:39:50,156.07,12.11
1963,2023-07-03 15:39:56,159.39,10.47
1964,2023-07-03 15:40:02,158.56,8.84
1965,2023-07-03 15:40:07,158.43,11.71
1966,2023-07-03 15:40:14,161.4,8.89
1967,2023-07-03 15:40:19,161.42,7.7
1968,2023-07-03 15:40:23,160.63,8.53
1969,2023-07-03 15:40:27,160.4,9.01
1970,2023-07-03 15:40:31,161.44,9.04
1971,2023-07-03 15:40:35,164.35,11.24
1972,2023-07-03 15:40:42,164.6,7.94
1973,2023-07-03 15:40:47,168.53,10.9
1974,2023-07-03 15:40:47,167.65,6.83
1975,2023-07-03 15:40:56,167.59,11.89
1976,2023-07-03 15:41:04,166.92,6.7
1977,2023-07-03 15:41:12,166.2,11.16
1978,2023-07-03 15:41:16,168.39,8.65
1979,2023-07-03 15:41:19,170.47,10.86
1980,2023-07-03 15:41:23,171.7,9.35
1981,2023-07-03 15:41:26,172.41,10.05
1982,2023-07-03 15:41:32,168.82,9.77
1983,2023-07-03 15:41:35,166.2,5.91
1984,2023-07-03 15:41:38,166.6,10.1
1985,2023-07-03 15:41:38,169.13,9.55
1986,2023-07-03 15:41:39,168.81,9.26
1987,2023-07-03 15:41:40,167.34,9.26
1988,2023-07-03 15:41:44,169.6,9.04
1989,2023-07-03 15:41:45,166.92,9.57
1990,2023-07-03 15:41:45,166.94,12.78
1991,2023-07-03 15:41:50,166.99,10.38
1992,2023-07-03 15:41:54,169.48,11.12
1993,2023-07-03 15:41:59,170.83,13.89
1994,2023-07-03 15:41:59,167.35,10.09
1995,2023-07-03 15:42:08,167.27,10.09
1996,2023-07-03 15:42:09,167.3,11.4
1997,2023-07-03 15:42:18,167.46,10.95
1998,2023-07-03 15:42:27,165.03,11.3
1999,2023-07-03 15:42:34,165.65,8.98
2000,2023-07-03 15:42:37,166.91,14.09
2001,2023-07-03 15:42:41,165.97,11.65
2002,2023-07-03 15:42:48,165.87,8.17
2003,2023-07-03 15:42:48,161.69,9.96
2004,2023-07-03 15:42:54,158.42,15.14
2005,2023-07-03 15:42:55,158.55,12.82
2006,2023-07-03 15:42:58,160.09,6.37
2007,2023-07-03 15:43:06,159.67,8.42
2008,2023-07-03 15:43:11,163.32,10.84
2009,2023-07-03 15:43:11,163.72,8.4
2010,2023-07-03 15:43:20,162.82,9.14
2011,2023-07-03 15:43:23,160.14,9.82
2012,2023-07-03 15:43:24,160.58,8.51
2013,2023-07-03 15:43:31,158.43,11.16
2014,2023-07-03 15:43:40,158.65,7.42
2015,2023-07-03 15:43:40,159.94,10.3
2016,2023-07-03 15:43:40,159.02,10.19
2017,2023-07-03 15:43:49,158.13,12.67
2018,2023-07-03 15:43:55,159.36,6.54
2019,2023-07-03 15:43:57,159.97,10.15
2020,2023-07-03 15:44:03,161.49,11.61
2021,2023-07-03 15:44:03,161.11,9.23
2022,2023-07-03 15:44:08,160.71,12.3
2023,2023-07-03 15:44:08,158.85,10
2024,2023-07-03 15:44:10,157.79,7.07
2025,2023-07-03 15:44:11,157.55,9.98
2026,2023-07-03 15:44:16,158.43,9.3
2027,2023-07-03 15:44:16,156.75,10.29
2028,2023-07-03 15:44:22,157.64,8.76
2029,2023-07-03 15:44:23,158.09,7.92
2030,2023-07-03 15:44:32,156.45,10.93
2031,2023-07-03 15:44:39,158.22,12.34
2032,2023-07-03 15:44:45,161.29,8.24
2033,2023-07-03 15:44:46,162.97,8.99
2034,2023-07-03 15:44:48,165,10.08
2035,2023-07-03 15:44:48,165.91,9.46
2036,2023-07-03 15:44:50,166.03,7.82
2037,2023-07-03 15:44:56,163.82,9.39
2038,2023-07-03 15:45:00,164.83,12.2
2039,2023-07-03 15:45:08,164.11,11.29
2040,2023-07-03 15:45:08,164.38,11.23
2041,2023-07-03 15:45:16,164.76,9.57
2042,2023-07-03 15:45:20,164.11,11.94
2043,2023-07-03 15:45:27,165.1,7.81
2044,2023-07-03 15:45:28,164.77,12.62
2045,2023-07-03 15:45:28,164.67,12.06
2046,2023-07-03 15:45:28,166.12,7.62
2047,2023-07-03 15:45:33,166.98,12.22
2048,2023-07-03 15:45:37,166.08,10.12
2049,2023-07-03 15:45:42,167.01,7.77
2050,2023-07-03 15:45:47,167.87,10.44
2051,2023-07-03 15:45:55,167.82,14.02
2052,2023-07-03 15:45:57,168.77,8.39
2053,2023-07-03 15:46:01,166.71,14.08
2054,2023-07-03 15:46:02,169.77,9.16
2055,2023-07-03 15:46:07,170.87,11.59
2056,2023-07-03 15:46:14,168.49,11.26
2057,2023-07-03 15:46:18,169.22,8.66
2058,2023-07-03 15:46:18,167.87,10.99
2059,2023-07-03 15:46:20,167.37,12.2
2060,2023-07-03 15:46:23,169.12,9.52
2061,2023-07-03 15:46:26,166.34,12.05
2062,2023-07-03 15:46:31,163.93,12.62
2063,2023-07-03 15:46:36,166.41,7.63
2064,2023-07-03 15:46:43,165.43,6.16
2065,2023-07-03 15:46:48,165.36,11.55
2066,2023-07-03 15:46:56,167.19,11.71
2067,2023-07-03 15:47:01,166.59,10.48
2068,2023-07-03 15:47:02,167,8.13
2069,2023-07-03 15:47:06,168.78,12.82
2070,2023-07-03 15:47:11,169.14,8.77
2071,2023-07-03 15:47:12,170.5,8.24
2072,2023-07-03 15:47:16,171.68,11.29
2073,2023-07-03 15:47:18,174.09,12.37
2074,2023-07-03 15:47:23,173.39,11.52
2075,2023-07-03 15:47:32,173.41,10.09
2076,2023-07-03 15:47:36,172.44,9.39
2077,2023-07-03 15:47:38,175.2,13.55
2078,2023-07-03 15:47:39,177.13,9.13
2079,2023-07-03 15:47:48,176.66,12.28
2080,2023-07-03 15:47:48,176.09,11.04
2081,2023-07-03 15:47:53,181.4,10.01
2082,2023-07-03 15:48:02,180.83,9.97
2083,2023-07-03 15:48:08,179.09,10.02
2084,2023-07-03 15:48:09,179.08,10.89
2085,2023-07-03 15:48:14,179.81,9.18
2086,2023-07-03 15:48:14,177.2,11.06
2087,2023-07-03 15:48:16,177.18,12.44
2088,2023-07-03 15:48:20,177.63,12.16
2089,2023-07-03 15:48:28,178.4,11.46
2090,2023-07-03 15:48:28,176.46,11.52
2091,2023-07-03 15:48:34,176.04,14.85
2092,2023-07-03 15:48:36,179.91,9.38
2093,2023-07-03 15:48:40,175.74,7.64
2094,2023-07-03 15:48:40,179.37,8.13
2095,2023-07-03 15:48:40,180.3,10.22
2096,2023-07-03 15:48:45,180.18,9.45
2097,2023-07-03 15:48:54,180.5,10.14
2098,2023-07-03 15:48:55,183.28,12.81
2099,2023-07-03 15:48:55,182.7,6.95
2100,2023-07-03 15:49:00,179.89,6.87
2101,2023-07-03 15:49:00,181.57,9.23
2102,2023-07-03 15:49:05,182.9,7.58
2103,2023-07-03 15:49:08,185.27,11.92
2104,2023-07-03 15:49:12,187.79,10.53
2105,2023-07-03 15:49:17,185.53,7.84
2106,2023-07-03 15:49:23,186.97,7.77
2107,2023-07-03 15:49:26,187.4,11.46
2108,2023-07-03 15:49:32,187.03,9.75
2109,2023-07-03 15:49:40,187.49,11.02
2110,2023-07-03 15:49:49,187.78,7.03
2111,2023-07-03 15:49:50,189.99,8.85
2112,2023-07-03 15:49:55,190.51,6.28
2113,2023-07-03 15:49:56,190.62,6.21
2114,2023-07-03 15:49:59,188.58,11.74
2115,2023-07-03 15:50:05,183.55,10.54
2116,2023-07-03 15:50:07,180.4,13.43
2117,2023-07-03 15:50:12,180.68,13.1
2118,2023-07-03 15:50:13,182.93,9.09
2119,2023-07-03 15:50:17,182.99,7.98
2120,2023-07-03 15:50:18,181.69,3.05
2121,2023-07-03 15:50:21,182.01,12.34
2122,2023-07-03 15:50:29,183.33,11.25
2123,2023-07-03 15:50:31,183.78,7.47
2124,2023-07-03 15:50:34,181.5,6.34
2125,2023-07-03 15:50:35,182.4,9.91
2126,2023-07-03 15:50:35,183.01,8.88
2127,2023-07-03 15:50:37,181.13,10.26
2128,2023-07-03 15:50:45,180.27,10.48
2129,2023-07-03 15:50:54,179.4,10.19
2130,2023-07-03 15:50:54,178.91,7.62
2131,2023-07-03 15:50:54,181.51,10.2
2132,2023-07-03 15:51:02,180.77,7.22
2133,2023-07-03 15:51:10,178.02,11.85
2134,2023-07-03 15:51:15,179.04,10.2
2135,2023-07-03 15:51:20,181.46,11.52
2136,2023-07-03 15:51:28,180.52,9.42
2137,2023-07-03 15:51:37,182.8,6.97
2138,2023-07-03 15:51:42,178.85,10.55
2139,2023-07-03 15:51:45,177.96,9.91
2140,2023-07-03 15:51:53,177.14,8.73
2141,2023-07-03 15:51:59,176.1,10.96
2142,2023-07-03 15:52:03,178.43,12.62
2143,2023-07-03 15:52:11,179.11,8.36
2144,2023-07-03 15:52:13,180.69,9.82
2145,2023-07-03 15:52:16,181.59,12
2146,2023-07-03 15:52:20,180.58,5.4
2147,2023-07-03 15:52:25,178.64,6.69
2148,2023-07-03 15:52:31,180.48,9.96
2149,2023-07-03 15:52:35,178.49,7.54
2150,2023-07-03 15:52:37,178.73,8.76
2151,2023-07-03 15:52:38,177.39,11.11
2152,2023-07-03 15:52:44,178.22,9.97
2153,2023-07-03 15:52:53,178.15,9.03
2154,2023-07-03 15:52:54,178.04,7.63
2155,2023-07-03 15:52:58,176.47,12.88
2156,2023-07-03 15:53:07,177.37,9.16
2157,2023-07-03 15:53:15,176.61,9.85
2158,2023-07-03 15:53:24,175.33,10.9
2159,2023-07-03 15:53:31,177.34,7.34
2160,2023-07-03 15:53:38,176.03,14.84
2161,2023-07-03 15:53:40,174,7.71
2162,2023-07-03 15:53:40,173.53,10.11
2163,2023-07-03 15:53:49,173.67,13.33
2164,2023-07-03 15:53:58,172.98,8.66
2165,2023-07-03 15:54:01,173.68,11.63
2166,2023-07-03 15:54:07,177.2,7.7
2167,2023-07-03 15:54:16,175.07,8.68
2168,2023-07-03 15:54:22,176.61,7.28
2169,2023-07-03 15:54:29,175.36,8.59
2170,2023-07-03 15:54:32,176.99,9.92
2171,2023-07-03 15:54:38,174.22,9.09
2172,2023-07-03 15:54:47,173.31,8.82
2173,2023-07-03 15:54:56,173.03,8.85
2174,2023-07-03 15:55:05,174.66,8.64
2175,2023-07-03 15:55:05,173.39,8.07
2176,2023-07-03 15:55:11,170.77,9.07
2177,2023-07-03 15:55:16,170.87,7.13
2178,2023-07-03 15:55:19,175.02,9.85
2179,2023-07-03 15:55:21,175.4,8
2180,2023-07-03 15:55:23,176.23,9.7
2181,2023-07-03 15:55:30,179.25,9.5
2182,2023-07-03 15:55:38,180.38,9.29
2183,2023-07-03 15:55:43,177.88,12.59
2184,2023-07-03 15:55:46,179.14,12.3
2185,2023-07-03 15:55:48,177.54,11.61
2186,2023-07-03 15:55:52,176.43,5.62
2187,2023-07-03 15:55:54,178.77,8.39
2188,2023-07-03 15:55:56,177.17,9.08
2189,2023-07-03 15:55:58,180.68,8.43
2190,2023-07-03 15:56:03,182.74,4.09
2191,2023-07-03 15:56:03,181.69,9.9
2192,2023-07-03 15:56:10,181.8,8.98
2193,2023-07-03 15:56:11,180.07,10.68
2194,2023-07-03 15:56:19,180.71,10.42
2195,2023-07-03 15:56:26,180.26,9.63
2196,2023-07-03 15:56:30,181.94,11.77
2197,2023-07-03 15:56:32,183.9,10.74
2198,2023-07-03 15:56:38,183.86,9.24
2199,2023-07-03 15:56:43,183.37,9.76
2200,2023-07-03 15:56:51,184.29,8.43
2201,2023-07-03 15:56:55,182.85,9.5
2202,2023-07-03 15:56:55,182.22,6.45
2203,2023-07-03 15:56:56,183.93,9.35
2204,2023-07-03 15:57:00,182.87,10.35
2205,2023-07-03 15:57:00,182.54,12
2206,2023-07-03 15:57:07,184.75,10.46
2207,2023-07-03 15:57:07,182,9.97
2208,2023-07-03 15:57:14,185.69,11.49
2209,2023-07-03 15:57:21,187.24,12.64
2210,2023-07-03 15:57:26,186.02,9.7
2211,2023-07-03 15:57:26,185.04,5.37
2212,2023-07-03 15:57:29,185.25,8.81
2213,2023-07-03 15:57:30,183.99,8.05
2214,2023-07-03 15:57:31,183.5,10.53
2215,2023-07-03 15:57:32,184.76,8.96
2216,2023-07-03 15:57:34,183.88,12.47
2217,2023-07-03 15:57:36,182.34,9.71
2218,2023-07-03 15:57:45,182.78,7.7
2219,2023-07-03 15:57:47,183.72,12.07
2220,2023-07-03 15:57:53,182.9,6.83
2221,2023-07-03 15:57:53,180.05,10.48
2222,2023-07-03 15:57:58,179.57,9.55
2223,2023-07-03 15:58:01,180.4,8.91
2224,2023-07-03 15:58:08,176.73,12.74
2225,2023-07-03 15:58:14,178.77,14.05
2226,2023-07-03 15:58:14,180.13,12.08
2227,2023-07-03 15:58:14,181.24,9.2
2228,2023-07-03 15:58:14,179.57,12.41
2229,2023-07-03 15:58:19,178.5,9.62
2230,2023-07-03 15:58:27,178.49,8.08
2231,2023-07-03 15:58:29,181.98,8.23
2232,2023-07-03 15:58:37,182.11,13.04
2233,2023-07-03 15:58:46,181.59,10.43
2234,2023-07-03 15:58:47,183.18,9.21
2235,2023-07-03 15:58:52,181.8,8.52
2236,2023-07-03 15:58:55,181.23,7.53
2237,2023-07-03 15:58:55,179.8,7.35
2238,2023-07-03 15:59:02,180.63,8.11
2239,2023-07-03 15:59:11,181.12,10.87
2240,2023-07-03 15:59:14,181.93,14.43
2241,2023-07-03 15:59:22,181.38,10.56
2242,2023-07-03 15:59:31,181.19,10.56
2243,2023-07-03 15:59:36,179.15,9.85
2244,2023-07-03 15:59:40,175.84,9.15
2245,2023-07-03 15:59:47,173.01,8
2246,2023-07-03 15:59:48,171.74,13.06
2247,2023-07-03 15:59:52,171.24,7.23
2248,2023-07-03 15:59:55,171.14,11.66
2249,2023-07-03 15:59:59,169.35,7.62
2250,2023-07-03 16:00:05,170.08,8.25
2251,2023-07-03 16:00:06,170.16,8.18
2252,2023-07-03 16:00:14,171.34,9.52
2253,2023-07-03 16:00:22,172.36,8.79
2254,2023-07-03 16:00:27,174.78,11.87
2255,2023-07-03 16:00:33,174.59,9.65
2256,2023-07-03 16:00:42,172.81,12.28
2257,2023-07-03 16:00:49,172.82,6.98
2258,2023-07-03 16:00:49,171.74,8.28
2259,2023-07-03 16:00:55,173.39,8.24
2260,2023-07-03 16:01:00,174.19,12.02
2261,2023-07-03 16:01:07,169.85,10.48
2262,2023-07-03 16:01:15,169.15,5.75
2263,2023-07-03 16:01:20,170.09,7.62
2264,2023-07-03 16:01:22,175.07,11.02
2265,2023-07-03 16:01:22,173.34,9.6
2266,2023-07-03 16:01:23,174.13,10.41
2267,2023-07-03 16:01:29,173.61,8.99
2268,2023-07-03 16:01:38,176.08,10.92
2269,2023-07-03 16:01:46,176.17,7.8
2270,2023-07-03 16:01:53,178.28,10.31
2271,2023-07-03 16:01:56,177.25,6.68
2272,2023-07-03 16:01:56,178.85,9.21
2273,2023-07-03 16:01:57,180.66,10.41
2274,2023-07-03 16:02:03,180.62,9.6
2275,2023-07-03 16:02:04,177.79,11.62
2276,2023-07-03 16:02:12,175.64,13.22
2277,2023-07-03 16:02:19,174.09,12.54
2278,2023-07-03 16:02:23,175.43,10.46
2279,2023-07-03 16:02:31,174.18,12.67
2280,2023-07-03 16:02:31,174.17,9.65
2281,2023-07-03 16:02:39,173.05,11.97
2282,2023-07-03 16:02:41,175.08,11.25
2283,2023-07-03 16:02:42,175.44,12.65
2284,2023-07-03 16:02:42,176.91,7.48
2285,2023-07-03 16:02:47,175.61,9.23
2286,2023-07-03 16:02:48,174.47,8.98
2287,2023-07-03 16:02:53,175.28,11.16
2288,2023-07-03 16:02:56,174.55,12.71
2289,2023-07-03 16:03:00,169.62,11.87
2290,2023-07-03 16:03:04,168.84,13.25
2291,2023-07-03 16:03:12,168.52,12.08
2292,2023-07-03 16:03:20,164.02,12.54
2293,2023-07-03 16:03:29,162.13,12.72
2294,2023-07-03 16:03:35,162.05,15.03
2295,2023-07-03 16:03:41,166.85,11.45
2296,2023-07-03 16:03:49,170.51,7.28
2297,2023-07-03 16:03:58,168.3,9.57
2298,2023-07-03 16:04:07,165.76,9.29
2299,2023-07-03 16:04:16,165.38,12.72
2300,2023-07-03 16:04:18,165.15,6.19
2301,2023-07-03 16:04:27,164.08,11.26
2302,2023-07-03 16:04:36,162.59,10.02
2303,2023-07-03 16:04:44,163.64,11.09
2304,2023-07-03 16:04:53,163.95,11.08
2305,2023-07-03 16:04:59,163.72,10.64
2306,2023-07-03 16:05:08,163.25,11.82
2307,2023-07-03 16:05:11,161.87,8.29
2308,2023-07-03 16:05:17,161.98,7.57
2309,2023-07-03 16:05:23,159.69,10.78
2310,2023-07-03 16:05:24,161.32,6.88
2311,2023-07-03 16:05:24,161.03,12.49
2312,2023-07-03 16:05:28,163.21,10.25
2313,2023-07-03 16:05:30,165.36,10.94
2314,2023-07-03 16:05:35,164.38,11.76
2315,2023-07-03 16:05:37,163.95,8.68
2316,2023-07-03 16:05:42,163.82,9.8
2317,2023-07-03 16:05:48,164.05,8.33
2318,2023-07-03 16:05:55,164.2,5.63
2319,2023-07-03 16:06:00,164.08,8.47
2320,2023-07-03 16:06:01,165.61,10.86
2321,2023-07-03 16:06:06,164.16,10.25
2322,2023-07-03 16:06:08,164.21,9.93
2323,2023-07-03 16:06:10,164.17,11.12
2324,2023-07-03 16:06:13,162.71,10.67
2325,2023-07-03 16:06:13,162.68,10.23
2326,2023-07-03 16:06:19,163.43,8.82
2327,2023-07-03 16:06:24,162.28,8.39
2328,2023-07-03 16:06:24,161.07,10.95
2329,2023-07-03 16:06:24,162.46,9.26
2330,2023-07-03 16:06:29,163.43,11.23
2331,2023-07-03 16:06:31,164.28,10.25
2332,2023-07-03 16:06:33,163.5,11.92
2333,2023-07-03 16:06:40,165.66,7.36
2334,2023-07-03 16:06:44,163.86,10.31
2335,2023-07-03 16:06:45,164.89,10.89
2336,2023-07-03 16:06:50,165.98,12.92
2337,2023-07-03 16:06:57,164.43,9.13
2338,2023-07-03 16:07:01,166.65,10.25
2339,2023-07-03 16:07:10,164.4,9.11
2340,2023-07-03 16:07:17,167.75,12.77
2341,2023-07-03 16:07:20,170.19,6.2
2342,2023-07-03 16:07:28,168.95,8.69
2343,2023-07-03 16:07:37,170.1,9.91
2344,2023-07-03 16:07:40,169.1,8.22
2345,2023-07-03 16:07:46,168.01,9.05
2346,2023-07-03 16:07:48,169.09,10.74
2347,2023-07-03 16:07:57,172.65,9.63
2348,2023-07-03 16:07:57,173.42,8.27
2349,2023-07-03 16:08:04,174.05,9.99
2350,2023-07-03 16:08:13,173.41,8.85
2351,2023-07-03 16:08:16,175.14,10.87
2352,2023-07-03 16:08:24,177.86,8.6
2353,2023-07-03 16:08:31,182.3,10.71
2354,2023-07-03 16:08:34,181.15,8.91
2355,2023-07-03 16:08:34,182.9,8.63
2356,2023-07-03 16:08:37,182.11,10.35
2357,2023-07-03 16:08:40,181.95,10.1
2358,2023-07-03 16:08:40,182.55,7.28
2359,2023-07-03 16:08:46,183.69,6.71
2360,2023-07-03 16:08:48,183.99,10.12
2361,2023-07-03 16:08:48,186.11,11.43
2362,2023-07-03 16:08:57,186.68,6.94
2363,2023-07-03 16:09:03,186.11,9.3
2364,2023-07-03 16:09:03,184.8,9.44
2365,2023-07-03 16:09:11,185.21,8.15
2366,2023-07-03 16:09:16,184.34,10.65
2367,2023-07-03 16:09:19,184.37,12.53
2368,2023-07-03 16:09:21,181.32,11.91
2369,2023-07-03 16:09:24,182.79,12.88
2370,2023-07-03 16:09:33,187.55,9.5
2371,2023-07-03 16:09:35,187.9,7.94
2372,2023-07-03 16:09:35,188.97,11.25
2373,2023-07-03 16:09:44,188.95,9.42
2374,2023-07-03 16:09:51,187.12,9.03
2375,2023-07-03 16:09:52,189.72,11.96
2376,2023-07-03 16:10:00,189.57,9.46
2377,2023-07-03 16:10:09,191.51,12.13
2378,2023-07-03 16:10:12,189.47,8.65
2379,2023-07-03 16:10:16,185.81,13.14
2380,2023-07-03 16:10:20,185.09,10.24
2381,2023-07-03 16:10:24,184.4,9.5
2382,2023-07-03 16:10:30,181.9,8.39
2383,2023-07-03 16:10:38,180.49,14.19
2384,2023-07-03 16:10:46,181.05,8.09
2385,2023-07-03 16:10:48,182.22,10.45
2386,2023-07-03 16:10:48,181.04,12.46
2387,2023-07-03 16:10:53,185.44,12.34
2388,2023-07-03 16:10:56,184.69,7.53
2389,2023-07-03 16:11:00,183.72,9.54
2390,2023-07-03 16:11:00,183.52,7.92
2391,2023-07-03 16:11:09,183.85,11.55
2392,2023-07-03 16:11:09,181.14,13.52
2393,2023-07-03 16:11:10,180.67,9.5
2394,2023-07-03 16:11:11,180.36,9.25
2395,2023-07-03 16:11:14,179.53,11.1
2396,2023-07-03 16:11:16,180.26,9.93
2397,2023-07-03 16:11:17,180.49,11.1
2398,2023-07-03 16:11:19,179.31,9.83
2399,2023-07-03 16:11:27,179.44,7.39
2400,2023-07-03 16:11:31,180.85,10.03
2401,2023-07-03 16:11:39,183.61,13.49
2402,2023-07-03 16:11:48,184.85,9.31
2403,2023-07-03 16:11:50,185.94,9.94
2404,2023-07-03 16:11:58,185.45,13.42
2405,2023-07-03 16:12:06,184.16,11.68
2406,2023-07-03 16:12:13,185.48,8.21
2407,2023-07-03 16:12:15,182.03,9.27
2408,2023-07-03 16:12:22,185.06,9.99
2409,2023-07-03 16:12:23,185.31,12.7
2410,2023-07-03 16:12:23,184.3,10.99
2411,2023-07-03 16:12:29,180.84,8.06
2412,2023-07-03 16:12:32,183.63,13.55
2413,2023-07-03 16:12:33,186.1,4.34
2414,2023-07-03 16:12:34,188.87,10.54
2415,2023-07-03 16:12:43,186.05,10.08
2416,2023-07-03 16:12:48,186.06,9.81
2417,2023-07-03 16:12:53,183.7,11.45
2418,2023-07-03 16:12:55,183.05,13.09
2419,2023-07-03 16:13:02,186.98,10.85
2420,2023-07-03 16:13:07,188.91,8.1
2421,2023-07-03 16:13:12,188.07,9.52
2422,2023-07-03 16:13:19,189.95,10.58
2423,2023-07-03 16:13:22,190.53,6.63
2424,2023-07-03 16:13:31,190.98,8.72
2425,2023-07-03 16:13:37,189.81,10.2
2426,2023-07-03 16:13:46,188.66,10.61
2427,2023-07-03 16:13:46,190.17,10.16
2428,2023-07-03 16:13:50,192.58,10.43
2429,2023-07-03 16:13:50,190.71,9.34
2430,2023-07-03 16:13:59,195.4,11.79
2431,2023-07-03 16:14:02,196.34,5.89
2432,2023-07-03 16:14:05,196.84,9.32
2433,2023-07-03 16:14:07,197.13,8.2
2434,2023-07-03 16:14:07,196.27,11.05
2435,2023-07-03 16:14:16,195.91,12.28
2436,2023-07-03 16:14:24,195.23,11.88
2437,2023-07-03 16:14:24,201.76,11.08
2438,2023-07-03 16:14:30,200.2,8.67
2439,2023-07-03 16:14:39,198.25,12.55
2440,2023-07-03 16:14:43,197.13,9.64
2441,2023-07-03 16:14:44,194.96,9.47
2442,2023-07-03 16:14:53,195.33,6.39
2443,2023-07-03 16:15:01,194.14,7.48
2444,2023-07-03 16:15:09,195.87,8.85
2445,2023-07-03 16:15:16,197.57,9.78
2446,2023-07-03 16:15:19,197.61,13.67
2447,2023-07-03 16:15:22,196.38,11.14
2448,2023-07-03 16:15:28,196.01,9.99
2449,2023-07-03 16:15:35,196.82,7.36
2450,2023-07-03 16:15:43,199.88,10.41
2451,2023-07-03 16:15:50,202.27,9.13
2452,2023-07-03 16:15:51,199.93,12.18
2453,2023-07-03 16:15:51,198.2,9.51
2454,2023-07-03 16:15:59,194.37,9.97
2455,2023-07-03 16:16:00,197.87,10.56
2456,2023-07-03 16:16:03,196.36,8.01
2457,2023-07-03 16:16:08,198.97,7.75
2458,2023-07-03 16:16:11,198.47,7.75
2459,2023-07-03 16:16:12,195.59,11.6
2460,2023-07-03 16:16:15,196.32,10.65
2461,2023-07-03 16:16:20,198.58,9.41
2462,2023-07-03 16:16:23,196.89,10.55
2463,2023-07-03 16:16:28,198.44,10.96
2464,2023-07-03 16:16:30,196.35,12.05
2465,2023-07-03 16:16:38,196.88,9.68
2466,2023-07-03 16:16:47,199.89,11.89
2467,2023-07-03 16:16:55,199.68,8.51
2468,2023-07-03 16:17:00,202.57,6.77
2469,2023-07-03 16:17:04,201.82,8.78
2470,2023-07-03 16:17:04,204.35,9.7
2471,2023-07-03 16:17:05,204.04,11.38
2472,2023-07-03 16:17:12,202.65,9.14
2473,2023-07-03 16:17:16,205.32,8.16
2474,2023-07-03 16:17:21,209.37,10.53
2475,2023-07-03 16:17:24,208.01,9.54
2476,2023-07-03 16:17:32,209.35,12.6
2477,2023-07-03 16:17:33,208.18,12.22
2478,2023-07-03 16:17:35,207.92,6.69
2479,2023-07-03 16:17:38,206.15,10.39
2480,2023-07-03 16:17:38,202.79,9.72
2481,2023-07-03 16:17:47,203.76,10.69
2482,2023-07-03 16:17:56,203.99,7.67
2483,2023-07-03 16:18:00,207.15,12.62
2484,2023-07-03 16:18:08,205.51,9.95
2485,2023-07-03 16:18:10,205.01,9.76
2486,2023-07-03 16:18:11,208.12,10.23
2487,2023-07-03 16:18:19,209.79,10.03
2488,2023-07-03 16:18:20,209.18,7.82
2489,2023-07-03 16:18:28,206.75,11.33
2490,2023-07-03 16:18:30,206.89,13.5
2491,2023-07-03 16:18:35,205.29,12.29
2492,2023-07-03 16:18:38,203.57,10.91
2493,2023-07-03 16:18:46,200.48,6.68
2494,2023-07-03 16:18:53,197.29,9.64
2495,2023-07-03 16:18:59,199.48,8.83
2496,2023-07-03 16:19:05,199.16,10.18
2497,2023-07-03 16:19:14,199.25,8.42
2498,2023-07-03 16:19:18,201.52,11.91
2499,2023-07-03 16:19:19,198.66,10.7
2500,2023-07-03 16:19:27,203.17,9.33
2501,2023-07-03 16:19:30,197.3,7.88
2502,2023-07-03 16:19:36,194.58,11.89
2503,2023-07-03 16:19:37,194.56,14.88
2504,2023-07-03 16:19:39,192.45,13.34
2505,2023-07-03 16:19:41,191.37,9.37
2506,2023-07-03 16:19:47,193.13,9.18
2507,2023-07-03 16:19:48,195.23,8.4
2508,2023-07-03 16:19:52,194.95,9.03
2509,2023-07-03 16:19:55,194.9,10.23
2510,2023-07-03 16:19:59,194.91,9.49
2511,2023-07-03 16:20:02,197.94,10.92
2512,2023-07-03 16:20:02,198.89,14.17
2513,2023-07-03 16:20:04,201.77,12.13
2514,2023-07-03 16:20:04,198.46,12.97
2515,2023-07-03 16:20:13,197.22,11.14
2516,2023-07-03 16:20:15,196.95,10.37
2517,2023-07-03 16:20:23,195.9,12.84
2518,2023-07-03 16:20:25,197.51,6.27
2519,2023-07-03 16:20:25,197.57,7.82
2520,2023-07-03 16:20:33,198.35,8.41
2521,2023-07-03 16:20:38,197.76,12.13
2522,2023-07-03 16:20:42,197.92,12.8
2523,2023-07-03 16:20:44,197.9,10.29
2524,2023-07-03 16:20:49,199.86,9.56
2525,2023-07-03 16:20:57,201.86,9.5
2526,2023-07-03 16:21:03,200.12,6.52
2527,2023-07-03 16:21:06,198.64,7.57
2528,2023-07-03 16:21:15,197.55,12.83
2529,2023-07-03 16:21:20,197.06,9.63
2530,2023-07-03 16:21:27,196.97,10.01
2531,2023-07-03 16:21:31,200.08,9.22
2532,2023-07-03 16:21:35,197.47,7.39
2533,2023-07-03 16:21:39,193.66,10.07
2534,2023-07-03 16:21:44,195.72,11.2
2535,2023-07-03 16:21:52,197.66,9.49
2536,2023-07-03 16:21:52,198.44,9.63
2537,2023-07-03 16:21:58,202.23,9.38
2538,2023-07-03 16:22:03,204.8,10.98
2539,2023-07-03 16:22:11,208.26,10.85
2540,2023-07-03 16:22:14,208.43,11
2541,2023-07-03 16:22:23,212.32,8.91
2542,2023-07-03 16:22:27,213.91,10.17
2543,2023-07-03 16:22:35,214.76,8.95
2544,2023-07-03 16:22:40,212.32,8.24
2545,2023-07-03 16:22:42,210.75,11.27
2546,2023-07-03 16:22:43,214.36,10.3
2547,2023-07-03 16:22:49,215.12,11.59
2548,2023-07-03 16:22:50,212.13,5.85
2549,2023-07-03 16:22:56,211.46,6.93
2550,2023-07-03 16:23:04,209.37,8.69
2551,2023-07-03 16:23:12,207.06,7.93
2552,2023-07-03 16:23:16,207.17,6.35
2553,2023-07-03 16:23:21,205.91,9.67
2554,2023-07-03 16:23:21,206.04,8.48
2555,2023-07-03 16:23:23,207.05,10.38
2556,2023-07-03 16:23:24,207.72,11.21
2557,2023-07-03 16:23:30,205.98,7.83
2558,2023-07-03 16:23:33,204.75,10.79
2559,2023-07-03 16:23:39,204.61,5.17
2560,2023-07-03 16:23:46,207.94,7.69
2561,2023-07-03 16:23:55,205.58,9.97
2562,2023-07-03 16:23:59,204.43,13.14
2563,2023-07-03 16:24:00,201.27,8.43
2564,2023-07-03 16:24:05,202.09,11.99
2565,2023-07-03 16:24:05,202.63,9.95
2566,2023-07-03 16:24:08,204.7,8.72
2567,2023-07-03 16:24:10,204.02,10.08
2568,2023-07-03 16:24:16,206.63,12.44
2569,2023-07-03 16:24:16,206.62,9.59
2570,2023-07-03 16:24:23,205.4,11.39
2571,2023-07-03 16:24:26,206.02,9.27
2572,2023-07-03 16:24:34,203.09,4.3
2573,2023-07-03 16:24:43,201.74,8.13
2574,2023-07-03 16:24:50,200.9,10
2575,2023-07-03 16:24:58,201.46,11.95
2576,2023-07-03 16:25:04,202.35,8.83
2577,2023-07-03 16:25:10,202.81,11.8
2578,2023-07-03 16:25:11,207.1,12.16
2579,2023-07-03 16:25:13,208.85,10.59
2580,2023-07-03 16:25:20,208.4,9.5
2581,2023-07-03 16:25:21,207.87,10.81
2582,2023-07-03 16:25:25,208.58,10.7
2583,2023-07-03 16:25:28,205.96,11.57
2584,2023-07-03 16:25:32,209.55,6.42
2585,2023-07-03 16:25:39,212.83,13.49
2586,2023-07-03 16:25:43,214.07,9.94
2587,2023-07-03 16:25:46,214.17,13.85
2588,2023-07-03 16:25:46,213.82,11.19
2589,2023-07-03 16:25:54,214.61,8.96
2590,2023-07-03 16:25:58,213.5,11.95
2591,2023-07-03 16:26:06,214.14,11.15
2592,2023-07-03 16:26:10,214.78,7.74
2593,2023-07-03 16:26:19,214.84,9.24
2594,2023-07-03 16:26:23,216.22,15.25
2595,2023-07-03 16:26:32,217.09,11.3
2596,2023-07-03 16:26:36,218.64,6.37
2597,2023-07-03 16:26:45,216.26,9.73
2598,2023-07-03 16:26:47,213.76,12.54
2599,2023-07-03 16:26:52,211.72,14.39
2600,2023-07-03 16:27:00,213.47,11.73
2601,2023-07-03 16:27:00,210.04,7.86
2602,2023-07-03 16:27:05,211.66,12.33
2603,2023-07-03 16:27:11,211.2,8.9
2604,2023-07-03 16:27:16,207.44,9.6
2605,2023-07-03 16:27:22,208.92,6.91
2606,2023-07-03 16:27:22,210.51,9.66
2607,2023-07-03 16:27:22,214.58,13.7
2608,2023-07-03 16:27:29,215.15,8.66
2609,2023-07-03 16:27:38,218.87,10.16
2610,2023-07-03 16:27:39,225.64,10.77
2611,2023-07-03 16:27:47,226.39,9.59
2612,2023-07-03 16:27:52,226.08,10.81
2613,2023-07-03 16:27:53,225.86,12.92
2614,2023-07-03 16:27:58,225.64,9.92
2615,2023-07-03 16:28:04,228.89,10.43
2616,2023-07-03 16:28:10,229.41,10.43
2617,2023-07-03 16:28:10,230.04,11.05
2618,2023-07-03 16:28:16,230.64,10.87
2619,2023-07-03 16:28:21,231.58,9.46
2620,2023-07-03 16:28:23,233.14,10.56
2621,2023-07-03 16:28:29,235.77,7.22
2622,2023-07-03 16:28:35,236.12,11.12
2623,2023-07-03 16:28:39,237.09,11.33
2624,2023-07-03 16:28:40,235.32,12.93
2625,2023-07-03 16:28:46,235.8,12.97
2626,2023-07-03 16:28:46,234.98,10.25
2627,2023-07-03 16:28:49,234.62,8.25
2628,2023-07-03 16:28:49,230.83,9.97
2629,2023-07-03 16:28:53,231.56,6.23
2630,2023-07-03 16:29:01,234.48,8.13
2631,2023-07-03 16:29:04,234.65,14.66
2632,2023-07-03 16:29:11,233.56,4.45
2633,2023-07-03 16:29:12,231.36,7.15
2634,2023-07-03 16:29:18,235.37,8.49
2635,2023-07-03 16:29:26,236.16,10.56
2636,2023-07-03 16:29:28,235.84,11.78
2637,2023-07-03 16:29:36,235.3,8.35
2638,2023-07-03 16:29:42,237.52,8.92
2639,2023-07-03 16:29:48,237.56,9.76
2640,2023-07-03 16:29:57,241.48,7.08
2641,2023-07-03 16:30:03,242.98,11.86
2642,2023-07-03 16:30:04,244.82,11.98
2643,2023-07-03 16:30:10,244.24,9.47
2644,2023-07-03 16:30:17,239.49,13
2645,2023-07-03 16:30:21,239.98,10.06
2646,2023-07-03 16:30:24,239.99,9.74
2647,2023-07-03 16:30:28,240.69,10.25
2648,2023-07-03 16:30:30,241.27,12.24
2649,2023-07-03 16:30:34,239.63,9.45
2650,2023-07-03 16:30:43,242.6,6.29
2651,2023-07-03 16:30:49,245.55,15.88
2652,2023-07-03 16:30:58,246.21,10.09
2653,2023-07-03 16:30:58,245.74,6.6
2654,2023-07-03 16:31:07,246.31,8.65
2655,2023-07-03 16:31:16,248.05,11.08
2656,2023-07-03 16:31:18,247.28,9.86
2657,2023-07-03 16:31:19,239.46,8.01
2658,2023-07-03 16:31:25,236.97,11.94
2659,2023-07-03 16:31:33,234.51,8.54
2660,2023-07-03 16:31:39,234.81,11.54
2661,2023-07-03 16:31:45,235.49,11.59
2662,2023-07-03 16:31:50,233.25,9.33
2663,2023-07-03 16:31:56,230.77,9.65
2664,2023-07-03 16:31:56,228.64,12.37
2665,2023-07-03 16:31:59,225.08,5.45
2666,2023-07-03 16:32:04,224.09,5.27
2667,2023-07-03 16:32:10,225.63,7.65
2668,2023-07-03 16:32:10,227.6,10.5
2669,2023-07-03 16:32:14,233.35,12.53
2670,2023-07-03 16:32:16,231.53,6.53
2671,2023-07-03 16:32:22,232.81,12.29
2672,2023-07-03 16:32:31,232.14,12.1
2673,2023-07-03 16:32:31,234.97,8.9
2674,2023-07-03 16:32:34,232.08,10.25
2675,2023-07-03 16:32:42,228.52,10.9
2676,2023-07-03 16:32:43,224.76,8.09
2677,2023-07-03 16:32:51,225.47,9.2
2678,2023-07-03 16:32:54,227,8.51
2679,2023-07-03 16:32:56,227.6,9.95
2680,2023-07-03 16:33:01,228.18,13.66
2681,2023-07-03 16:33:05,229.38,9.43
2682,2023-07-03 16:33:12,230.56,10.27
2683,2023-07-03 16:33:13,229.18,8.63
2684,2023-07-03 16:33:18,230.14,11.85
2685,2023-07-03 16:33:20,230.78,12.06
2686,2023-07-03 16:33:24,232.55,5.8
2687,2023-07-03 16:33:26,229.68,9.65
2688,2023-07-03 16:33:28,228.47,9.41
2689,2023-07-03 16:33:36,227.34,8.43
2690,2023-07-03 16:33:45,226.58,10.21
2691,2023-07-03 16:33:54,228.89,10.08
2692,2023-07-03 16:34:02,226.25,8.79
2693,2023-07-03 16:34:09,229.86,6.17
2694,2023-07-03 16:34:15,230.77,12.04
2695,2023-07-03 16:34:22,231.32,10.51
2696,2023-07-03 16:34:28,226.86,9.59
2697,2023-07-03 16:34:34,231.07,11.54
2698,2023-07-03 16:34:37,236.06,10.57
2699,2023-07-03 16:34:44,231.9,9.41
2700,2023-07-03 16:34:51,235.7,10.7
2701,2023-07-03 16:34:57,233.54,11.93
2702,2023-07-03 16:35:01,234.27,10.62
2703,2023-07-03 16:35:01,233.45,8.34
2704,2023-07-03 16:35:01,235.45,11.23
2705,2023-07-03 16:35:08,235.38,9.35
2706,2023-07-03 16:35:11,230.6,11.9
2707,2023-07-03 16:35:12,233.38,6.71
2708,2023-07-03 16:35:15,234.87,7.95
2709,2023-07-03 16:35:24,234.89,10.87
2710,2023-07-03 16:35:25,238.59,9.49
2711,2023-07-03 16:35:26,238.56,9.37
2712,2023-07-03 16:35:35,242.54,11.08
2713,2023-07-03 16:35:37,243.72,9.73
2714,2023-07-03 16:35:43,245.63,6.78
2715,2023-07-03 16:35:45,243.58,11.35
2716,2023-07-03 16:35:49,243.49,8.91
2717,2023-07-03 16:35:55,245.79,8.03
2718,2023-07-03 16:35:58,243.37,9.37
2719,2023-07-03 16:35:58,242.34,10.26
2720,2023-07-03 16:36:06,239.82,12.19
2721,2023-07-03 16:36:11,240.59,12.37
2722,2023-07-03 16:36:18,242.55,11.63
2723,2023-07-03 16:36:18,243.31,11.54
2724,2023-07-03 16:36:27,244.69,14.72
2725,2023-07-03 16:36:33,247.65,12.29
2726,2023-07-03 16:36:38,246.96,8.89
2727,2023-07-03 16:36:38,245.52,11.38
2728,2023-07-03 16:36:42,251.74,9.17
2729,2023-07-03 16:36:43,251.33,7.72
2730,2023-07-03 16:36:44,250.69,10
2731,2023-07-03 16:36:52,251.46,8.06
2732,2023-07-03 16:36:57,254.61,11.59
2733,2023-07-03 16:37:01,249.83,13.19
2734,2023-07-03 16:37:05,249.76,11.55
2735,2023-07-03 16:37:08,247.65,5.19
2736,2023-07-03 16:37:12,247.92,12.36
2737,2023-07-03 16:37:13,248.09,11.63
2738,2023-07-03 16:37:17,247.57,12.55
2739,2023-07-03 16:37:22,246.75,9.85
2740,2023-07-03 16:37:30,250.39,9.32
2741,2023-07-03 16:37:32,248.17,11.24
2742,2023-07-03 16:37:33,251.71,10.25
2743,2023-07-03 16:37:35,248.16,9.13
2744,2023-07-03 16:37:36,249.09,10.8
2745,2023-07-03 16:37:45,251,8.91
2746,2023-07-03 16:37:51,251.67,8.7
2747,2023-07-03 16:37:51,250.55,10.35
2748,2023-07-03 16:37:55,248.79,10.23
2749,2023-07-03 16:37:59,247.45,9.13
2750,2023-07-03 16:38:06,245.73,10.91
2751,2023-07-03 16:38:14,246.26,10.84
2752,2023-07-03 16:38:18,246.93,13.01
2753,2023-07-03 16:38:19,242.13,8.44
2754,2023-07-03 16:38:28,244.04,9.63
2755,2023-07-03 16:38:36,245.67,9.28
2756,2023-07-03 16:38:45,246.43,9.36
2757,2023-07-03 16:38:54,246.8,13.52
2758,2023-07-03 16:38:56,244.71,8.73
2759,2023-07-03 16:38:59,244.64,7.73
2760,2023-07-03 16:39:08,240.85,13.27
2761,2023-07-03 16:39:08,241.11,9.79
2762,2023-07-03 16:39:17,242.86,11.91
2763,2023-07-03 16:39:23,242.7,10.52
2764,2023-07-03 16:39:30,241.62,6.03
2765,2023-07-03 16:39:30,239.44,11.05
2766,2023-07-03 16:39:34,237.79,9.93
2767,2023-07-03 16:39:43,238.75,8.68
2768,2023-07-03 16:39:44,234.91,13.68
2769,2023-07-03 16:39:44,237.98,9.1
2770,2023-07-03 16:39:53,238.13,10.68
2771,2023-07-03 16:39:57,239.93,9.69
2772,2023-07-03 16:40:04,239.9,9.9
2773,2023-07-03 16:40:13,237.88,9.99
2774,2023-07-03 16:40:17,236.49,9.18
2775,2023-07-03 16:40:25,237.86,8.43
2776,2023-07-03 16:40:32,240.07,6.56
2777,2023-07-03 16:40:41,237.02,11.22
2778,2023-07-03 16:40:46,235.58,12.73
2779,2023-07-03 16:40:53,234.67,7.49
2780,2023-07-03 16:40:58,235.77,9.23
2781,2023-07-03 16:41:03,235.09,7.86
2782,2023-07-03 16:41:09,233.64,9.62
2783,2023-07-03 16:41:14,234.01,9.84
2784,2023-07-03 16:41:23,234.56,11.88
2785,2023-07-03 16:41:23,237.62,7.37
2786,2023-07-03 16:41:29,235.15,10.08
2787,2023-07-03 16:41:33,233.5,12.78
2788,2023-07-03 16:41:37,233.14,7.82
2789,2023-07-03 16:41:37,230.99,5
2790,2023-07-03 16:41:42,230.5,13.55
2791,2023-07-03 16:41:44,229.31,8.91
2792,2023-07-03 16:41:46,229.92,11.57
2793,2023-07-03 16:41:47,232.13,12.69
2794,2023-07-03 16:41:54,233.41,9.84
2795,2023-07-03 16:41:56,232.81,14.03
2796,2023-07-03 16:42:01,229.01,10.34
2797,2023-07-03 16:42:07,228.48,7.41
2798,2023-07-03 16:42:09,231.82,10.77
2799,2023-07-03 16:42:09,235.2,10
2800,2023-07-03 16:42:12,233.69,6.17
2801,2023-07-03 16:42:20,233.69,8.53
2802,2023-07-03 16:42:23,230.76,11.07
2803,2023-07-03 16:42:32,232.66,7.72
2804,2023-07-03 16:42:39,232.6,10.63
2805,2023-07-03 16:42:39,232.33,7.37
2806,2023-07-03 16:42:41,233.96,8.92
2807,2023-07-03 16:42:42,231.98,11.06
2808,2023-07-03 16:42:50,229.8,11.32
2809,2023-07-03 16:42:52,227.02,8.84
2810,2023-07-03 16:42:53,232.71,7.7
2811,2023-07-03 16:42:53,237.78,12.73
2812,2023-07-03 16:42:58,238.86,10.1
2813,2023-07-03 16:42:58,240.16,9.27
2814,2023-07-03 16:43:03,244.43,13.03
2815,2023-07-03 16:43:04,248.07,10.02
2816,2023-07-03 16:43:11,248.35,12.29
2817,2023-07-03 16:43:13,242.45,9.88
2818,2023-07-03 16:43:13,238.45,9.04
2819,2023-07-03 16:43:15,238.32,8.16
2820,2023-07-03 16:43:19,239.16,8.06
2821,2023-07-03 16:43:19,237.17,11.49
2822,2023-07-03 16:43:22,237.99,8.53
2823,2023-07-03 16:43:29,237.37,7.45
2824,2023-07-03 16:43:37,236.81,8.54
2825,2023-07-03 16:43:38,235.43,6.96
2826,2023-07-03 16:43:47,234.56,10.78
2827,2023-07-03 16:43:55,232.05,13.93
2828,2023-07-03 16:44:01,232.04,12.23
2829,2023-07-03 16:44:01,228.05,10.02
2830,2023-07-03 16:44:03,229.98,12.26
2831,2023-07-03 16:44:08,231.65,8.07
2832,2023-07-03 16:44:11,233.89,9.51
2833,2023-07-03 16:44:16,234.19,7.73
2834,2023-07-03 16:44:24,234.29,9.52
2835,2023-07-03 16:44:24,233.11,9.07
2836,2023-07-03 16:44:28,228.88,8.98
2837,2023-07-03 16:44:30,232.04,8.89
2838,2023-07-03 16:44:30,229.49,6.89
2839,2023-07-03 16:44:33,229.79,10.71
2840,2023-07-03 16:44:35,230.12,8.64
2841,2023-07-03 16:44:36,230.91,8.21
2842,2023-07-03 16:44:44,232.96,9.82
2843,2023-07-03 16:44:49,232.72,9.48
2844,2023-07-03 16:44:57,236.74,6.8
2844,2023-07-03 16:45:05,239.38,11.27
2844,2023-07-03 16:45:13,238.7,11.45
2844,2023-07-03 16:45:19,237.62,11.22
2844,2023-07-03 16:45:20,238.68,7.64
2844,2023-07-03 16:45:29,241.52,7.59
2844,2023-07-03 16:45:36,236.14,9.37
2844,2023-07-03 16:45:36,239.43,10.59
2844,2023-07-03 16:45:44,236.97,7.49
2844,2023-07-03 16:45:53,237.89,13.4
2844,2023-07-03 16:45:57,240.19,8.07
2844,2023-07-03 16:45:57,236.56,14.08
2844,2023-07-03 16:46:02,234.86,12.25
2844,2023-07-03 16:46:07,234.89,8.29
2844,2023-07-03 16:46:07,237.19,11.95
2844,2023-07-03 16:46:12,239.5,8.25
2844,2023-07-03 16:46:17,238.67,7.83
2844,2023-07-03 16:46:22,240.02,10.67
2844,2023-07-03 16:46:27,239.84,9.42
2844,2023-07-03 16:46:36,241.28,7.81
2844,2023-07-03 16:46:36,238.56,12.96
2844,2023-07-03 16:46:38,236.1,10.99
2844,2023-07-03 16:46:46,239.5,13.57
2844,2023-07-03 16:46:47,239.27,10.89
2844,2023-07-03 16:46:52,236.63,9.64
2844,2023-07-03 16:46:58,236.18,9.94
2844,2023-07-03 16:47:06,235.7,6.44
2844,2023-07-03 16:47:12,232.23,12.25
2844,2023-07-03 16:47:13,231.88,9.91
2844,2023-07-03 16:47:17,229.38,10.82
2844,2023-07-03 16:47:18,225.95,11.37
2844,2023-07-03 16:47:18,227.18,8.29
2844,2023-07-03 16:47:19,228.29,7.79
2844,2023-07-03 16:47:26,225.48,11.32
2844,2023-07-03 16:47:33,227.57,6.93
2844,2023-07-03 16:47:36,229.1,9.71
2844,2023-07-03 16:47:40,231.34,10.77
2844,2023-07-03 16:47:43,230.45,12.62
2844,2023-07-03 16:47:49,231.67,12.55
2844,2023-07-03 16:47:52,230.48,9.01
2844,2023-07-03 16:47:55,226.94,10.53
2844,2023-07-03 16:47:55,227.11,9.35
2844,2023-07-03 16:48:01,229.95,10.34
2844,2023-07-03 16:48:03,229.46,12.84
2844,2023-07-03 16:48:05,224.8,8.38
2844,2023-07-03 16:48:09,226.43,7.15
2844,2023-07-03 16:48:14,228.49,10.24
2844,2023-07-03 16:48:18,228.96,12.46
2844,2023-07-03 16:48:18,228.67,6.75
2844,2023-07-03 16:48:18,228.96,14.14
2844,2023-07-03 16:48:24,229.82,12.55
2844,2023-07-03 16:48:31,232.85,8.44
2844,2023-07-03 16:48:39,233.3,8.86
2844,2023-07-03 16:48:39,235.83,12.43
2844,2023-07-03 16:48:44,234.59,8.13
2844,2023-07-03 16:48:44,235.84,8.8
2844,2023-07-03 16:48:51,232.69,10.99
2844,2023-07-03 16:48:53,228.58,8.93
2844,2023-07-03 16:48:56,225.19,7.89
2844,2023-07-03 16:48:58,227.13,9.95
2844,2023-07-03 16:49:05,224.47,6.15
2844,2023-07-03 16:49:12,223.2,8.63
2844,2023-07-03 16:49:16,222.98,13.48
2844,2023-07-03 16:49:25,222.23,8.17
2844,2023-07-03 16:49:28,225.98,10.26
2844,2023-07-03 16:49:29,223.02,12.09
2844,2023-07-03 16:49:31,223.69,7.89
2844,2023-07-03 16:49:35,223.69,9.49
2844,2023-07-03 16:49:39,226.43,9.81
2844,2023-07-03 16:49:39,228.55,10.57
2844,2023-07-03 16:49:45,226.29,9.92
2844,2023-07-03 16:49:51,226.55,9.16
2844,2023-07-03 16:49:59,223.1,14
2844,2023-07-03 16:50:04,222.79,8.95
2844,2023-07-03 16:50:08,220.62,11.79
2844,2023-07-03 16:50:15,219.25,10.53
2844,2023-07-03 16:50:17,219.07,5.41
2844,2023-07-03 16:50:20,221.71,8.89
2844,2023-07-03 16:50:25,219.59,9.65
2844,2023-07-03 16:50:31,225.41,10.23
2844,2023-07-03 16:50:34,227.05,9.09
2844,2023-07-03 16:50:43,225.69,8.12
2844,2023-07-03 16:50:43,226.46,12.64
2844,2023-07-03 16:50:45,226.71,10.96
2844,2023-07-03 16:50:54,225.09,10.87
2844,2023-07-03 16:50:58,228.17,9.39
2844,2023-07-03 16:50:59,228.17,9.46
2844,2023-07-03 16:51:03,230.03,8.37
2844,2023-07-03 16:51:04,231.32,10.44
2844,2023-07-03 16:51:08,233.76,8.74
2844,2023-07-03 16:51:17,233.86,9.26
2844,2023-07-03 16:51:25,233.65,9.06
2844,2023-07-03 16:51:34,232.97,10.5
2844,2023-07-03 16:51:36,234.78,10.33
2844,2023-07-03 16:51:45,234.94,12.49
2844,2023-07-03 16:51:53,234.75,9.06
2844,2023-07-03 16:51:54,234.43,9.72
2844,2023-07-03 16:52:01,232.13,12.53
2844,2023-07-03 16:52:07,234.3,10.98
2844,2023-07-03 16:52:10,235.28,10.61
2844,2023-07-03 16:52:14,237.31,10.34
2844,2023-07-03 16:52:23,239.83,10.58
2844,2023-07-03 16:52:30,238.34,8.52
2844,2023-07-03 16:52:38,240.3,9.12
2844,2023-07-03 16:52:43,243.1,9.71
2844,2023-07-03 16:52:51,241.81,7.63
2844,2023-07-03 16:52:55,243.03,12.03
2844,2023-07-03 16:52:58,246.6,11.91
2844,2023-07-03 16:53:03,243.04,12.13
2844,2023-07-03 16:53:09,243.95,10.62
2844,2023-07-03 16:53:13,245.03,6.87
2844,2023-07-03 16:53:13,242.5,4.8
2844,2023-07-03 16:53:22,241.37,12.71
2844,2023-07-03 16:53:27,240.3,10.01
2844,2023-07-03 16:53:27,239.44,6.47
2844,2023-07-03 16:53:30,243.2,8.62
2844,2023-07-03 16:53:32,245.35,5.89
2844,2023-07-03 16:53:40,244.93,11.76
2844,2023-07-03 16:53:40,244.67,10.73
2844,2023-07-03 16:53:40,247.68,11.44
2844,2023-07-03 16:53:45,250.96,7.57
2844,2023-07-03 16:53:47,252.34,8.79
2844,2023-07-03 16:53:54,248.76,12.53
2844,2023-07-03 16:53:55,246.18,12.71
2844,2023-07-03 16:53:59,242.06,12.81
2844,2023-07-03 16:53:59,244.14,11.14
2844,2023-07-03 16:54:04,245.08,12.77
2844,2023-07-03 16:54:09,244.99,9.08
2844,2023-07-03 16:54:16,247.72,9.92
2844,2023-07-03 16:54:21,243.14,8.71
2844,2023-07-03 16:54:27,243.26,10.2
2844,2023-07-03 16:54:27,241.8,11.83
2844,2023-07-03 16:54:35,243.06,11.94
2844,2023-07-03 16:54:44,241.24,11.81
2844,2023-07-03 16:54:47,243.36,12.62
2844,2023-07-03 16:54:56,244.22,6.69
2844,2023-07-03 16:54:58,240.93,8.07
2844,2023-07-03 16:55:07,240.69,8.36
2844,2023-07-03 16:55:10,238.89,10.6
2844,2023-07-03 16:55:11,236.09,10.36
2844,2023-07-03 16:55:12,238.12,8.19
2844,2023-07-03 16:55:18,238.02,10.61
2844,2023-07-03 16:55:24,241.06,11.82
2844,2023-07-03 16:55:31,242.12,8.09
2844,2023-07-03 16:55:31,242.15,10.33
2844,2023-07-03 16:55:31,243.55,8.45
2844,2023-07-03 16:55:37,242.97,9.66
2844,2023-07-03 16:55:46,241.64,9.91
2844,2023-07-03 16:55:55,242.35,10.05
2844,2023-07-03 16:55:55,240.95,9.05
2844,2023-07-03 16:55:55,240.65,9.91
2844,2023-07-03 16:55:57,243.65,10.38
2844,2023-07-03 16:56:05,245.6,12.06
2844,2023-07-03 16:56:05,244.01,9.69
2844,2023-07-03 16:56:13,244.54,11.24
2844,2023-07-03 16:56:20,243.38,8.88
2844,2023-07-03 16:56:28,241.5,10.81
2844,2023-07-03 16:56:31,241.86,11.76
2844,2023-07-03 16:56:40,240.56,6.54
2844,2023-07-03 16:56:40,238.23,8.84
2844,2023-07-03 16:56:47,236.78,6.98
2844,2023-07-03 16:56:54,238.7,10.23
2844,2023-07-03 16:56:57,242.88,9.96
2844,2023-07-03 16:57:00,244.53,10.75
2844,2023-07-03 16:57:04,241.83,6.84
2844,2023-07-03 16:57:10,242.23,9.25
2844,2023-07-03 16:57:18,238.86,13.94
2844,2023-07-03 16:57:27,233.09,12.09
2844,2023-07-03 16:57:33,233.79,7.87
2844,2023-07-03 16:57:38,230.4,7.45
2844,2023-07-03 16:57:41,233.72,9.9
2844,2023-07-03 16:57:43,233.78,8.16
2844,2023-07-03 16:57:46,233.24,4.6
2844,2023-07-03 16:57:51,231.28,6.17
2844,2023-07-03 16:57:59,235.43,9.73
2844,2023-07-03 16:58:05,239.65,13.09
2844,2023-07-03 16:58:05,239.08,7.71
2844,2023-07-03 16:58:13,239.34,6.77
2844,2023-07-03 16:58:18,239.49,7.41
2844,2023-07-03 16:58:19,238.99,13.48
2844,2023-07-03 16:58:20,238.67,8.35
2844,2023-07-03 16:58:29,235.82,11.35
2844,2023-07-03 16:58:36,237.42,13.03
2844,2023-07-03 16:58:38,235.78,9.47
2844,2023-07-03 16:58:44,237.32,9.69
2844,2023-07-03 16:58:51,237.6,10.52
2844,2023-07-03 16:58:54,236.17,8.87
2844,2023-07-03 16:58:57,237.88,10.02
2844,2023-07-03 16:59:02,234.97,9.95
2844,2023-07-03 16:59:02,234.05,12.45
2844,2023-07-03 16:59:11,235.89,11.35
2844,2023-07-03 16:59:17,235.18,8.6
2844,2023-07-03 16:59:25,233.89,9.92
2844,2023-07-03 16:59:28,234.29,10.33
2844,2023-07-03 16:59:28,241.42,7.91
2844,2023-07-03 16:59:37,242.37,12.12
2844,2023-07-03 16:59:42,237.35,9.95
2844,2023-07-03 16:59:48,238.19,13.24
2844,2023-07-03 16:59:51,240.08,11.41
2844,2023-07-03 16:59:52,237.37,8.05
2844,2023-07-03 17:00:01,236.88,9.62
2844,2023-07-03 17:00:02,233.7,8.45
2844,2023-07-03 17:00:11,234.27,10.88
2844,2023-07-03 17:00:16,235.12,7.2
2844,2023-07-03 17:00:18,234.38,8.06
2844,2023-07-03 17:00:21,236.47,12.99
2844,2023-07-03 17:00:30,241.26,7.11
2844,2023-07-03 17:00:39,243.4,10.81
2844,2023-07-03 17:00:43,247.91,9.26
2844,2023-07-03 17:00:45,252.02,8.06
2844,2023-07-03 17:00:54,247.43,9.55
2844,2023-07-03 17:00:55,247.14,8.28
2844,2023-07-03 17:01:01,249.03,10.56
2844,2023-07-03 17:01:06,247.7,9.25
2844,2023-07-03 17:01:07,247.39,6.2
2844,2023-07-03 17:01:15,245.52,13.67
2844,2023-07-03 17:01:24,243.23,10.74
2844,2023-07-03 17:01:32,245.27,12.44
2844,2023-07-03 17:01:33,243.13,8.31
2844,2023-07-03 17:01:42,243.48,9.2
2844,2023-07-03 17:01:42,248.23,4.76
2844,2023-07-03 17:01:42,246.63,8.05
2844,2023-07-03 17:01:49,247.47,11.55
2844,2023-07-03 17:01:49,245.75,8.6
2844,2023-07-03 17:01:58,245.19,8.76
2844,2023-07-03 17:02:03,245.28,13.62
2844,2023-07-03 17:02:11,246.48,9.52
2844,2023-07-03 17:02:19,248.81,7.89
2844,2023-07-03 17:02:27,245.8,10.19
2844,2023-07-03 17:02:31,249.61,9.54
2844,2023-07-03 17:02:37,250.32,10.11
2844,2023-07-03 17:02:44,253.66,11.36
2844,2023-07-03 17:02:50,253.34,8.76
2844,2023-07-03 17:02:57,251.68,7.72
2844,2023-07-03 17:03:06,254.31,9
2844,2023-07-03 17:03:10,251.71,8.78
2844,2023-07-03 17:03:11,249.49,15.93
2844,2023-07-03 17:03:17,246.81,11.78
2844,2023-07-03 17:03:24,244.06,10.43
2844,2023-07-03 17:03:33,241.14,7.82
2844,2023-07-03 17:03:39,238.08,11.96
2844,2023-07-03 17:03:41,239.56,9.98
2844,2023-07-03 17:03:44,237.74,8.14
2844,2023-07-03 17:03:53,240.63,11.18
2844,2023-07-03 17:04:00,238.26,9.15
2844,2023-07-03 17:04:09,236.02,6.43
2844,2023-07-03 17:04:17,237.04,12.29
2844,2023-07-03 17:04:21,235.24,9.29
2844,2023-07-03 17:04:27,237.37,9.63
2844,2023-07-03 17:04:33,238.43,9.46
2844,2023-07-03 17:04:35,236.06,11.03
2844,2023-07-03 17:04:38,238.94,9.54
2844,2023-07-03 17:04:47,239.22,11.42
2844,2023-07-03 17:04:54,237.05,12.44
2844,2023-07-03 17:04:54,236.42,10.54
2844,2023-07-03 17:05:01,238.14,10.85
2844,2023-07-03 17:05:07,237.14,11.65
2844,2023-07-03 17:05:11,235.73,11.34
2844,2023-07-03 17:05:12,237.79,10.08
2844,2023-07-03 17:05:16,236.41,9.62
2844,2023-07-03 17:05:16,239.02,9.33
2844,2023-07-03 17:05:25,239.18,10.2
2844,2023-07-03 17:05:28,236.11,8.69
2844,2023-07-03 17:05:28,234.91,6.1
2844,2023-07-03 17:05:37,229.6,10.04
2844,2023-07-03 17:05:37,231.62,8.69
2844,2023-07-03 17:05:40,233.87,8.37
2844,2023-07-03 17:05:41,230.4,9.48
2844,2023-07-03 17:05:42,231.99,12.94
2844,2023-07-03 17:05:51,231.11,9.37
2844,2023-07-03 17:06:00,231.36,12.79
2844,2023-07-03 17:06:02,232.39,9.43
2844,2023-07-03 17:06:03,230.31,10.76
2844,2023-07-03 17:06:03,227.9,11.62
2844,2023-07-03 17:06:09,227.83,7.17
2844,2023-07-03 17:06:12,221.98,10.91
2844,2023-07-03 17:06:13,221.38,11.84
2844,2023-07-03 17:06:14,216.33,9.08
2844,2023-07-03 17:06:21,216.46,7.18
2844,2023-07-03 17:06:23,216.01,7.71
2844,2023-07-03 17:06:28,217.68,6.3
2844,2023-07-03 17:06:36,219.9,13.81
2844,2023-07-03 17:06:42,216.95,10.56
2844,2023-07-03 17:06:49,217.14,8.96
2844,2023-07-03 17:06:52,217.11,10.18
2844,2023-07-03 17:06:53,214.04,11.47
2844,2023-07-03 17:06:56,214.38,7.57
2844,2023-07-03 17:07:00,218.73,6.84
2844,2023-07-03 17:07:06,212.92,6.92
2844,2023-07-03 17:07:06,214.54,11.89
2844,2023-07-03 17:07:13,214.2,7.45
2844,2023-07-03 17:07:21,214.37,7.71
2844,2023-07-03 17:07:29,213.35,6.83
2844,2023-07-03 17:07:29,211.23,8.7
2844,2023-07-03 17:07:34,213.39,10.35
2844,2023-07-03 17:07:34,213.66,8.6
2844,2023-07-03 17:07:39,216.44,13.09
2844,2023-07-03 17:07:48,219.78,9.44
2844,2023-07-03 17:07:49,227.16,13.87
2844,2023-07-03 17:07:49,227.12,6.86
2844,2023-07-03 17:07:49,228.42,9.92
2844,2023-07-03 17:07:51,231.49,12.49
2844,2023-07-03 17:07:55,230.25,9.79
2844,2023-07-03 17:07:58,229.22,6.28
2844,2023-07-03 17:07:59,229.3,11.4
2844,2023-07-03 17:08:06,230.44,10.37
2844,2023-07-03 17:08:07,230.13,14.48
2844,2023-07-03 17:08:07,231.82,10.87
2844,2023-07-03 17:08:12,238.65,10.2
2844,2023-07-03 17:08:21,236.41,8.03
2844,2023-07-03 17:08:25,233.79,11.34
2844,2023-07-03 17:08:29,228.36,6.66
2844,2023-07-03 17:08:29,226.8,6.63
2844,2023-07-03 17:08:32,226.27,11.49
2844,2023-07-03 17:08:33,225.74,11.66
2844,2023-07-03 17:08:39,227,11.6
2844,2023-07-03 17:08:39,226.26,5.13
2844,2023-07-03 17:08:48,227.11,13.25
2844,2023-07-03 17:08:57,225.26,8.72
2844,2023-07-03 17:08:59,224.27,7.59
2844,2023-07-03 17:09:01,225.53,11.12
2844,2023-07-03 17:09:05,226.19,9.18
2844,2023-07-03 17:09:07,228.83,10.4
2844,2023-07-03 17:09:13,231.96,10.03
2844,2023-07-03 17:09:13,235.51,13.45
2844,2023-07-03 17:09:18,232.24,7.37
2844,2023-07-03 17:09:27,234.62,7.78
2844,2023-07-03 17:09:35,236.2,6.36
2844,2023-07-03 17:09:39,236.99,10.07
2844,2023-07-03 17:09:42,243.81,10.67
2844,2023-07-03 17:09:46,249.26,8.11
2844,2023-07-03 17:09:47,248.65,10.9
2844,2023-07-03 17:09:49,248.13,9.9
2844,2023-07-03 17:09:56,248.29,13.18
2844,2023-07-03 17:10:05,249.4,10.61
2844,2023-07-03 17:10:12,243.94,11.16
2844,2023-07-03 17:10:20,243.37,11.55
2844,2023-07-03 17:10:21,244.5,11.59
2844,2023-07-03 17:10:27,248.1,11.64
2844,2023-07-03 17:10:34,252.45,13.73
2844,2023-07-03 17:10:34,249.92,7.24
2844,2023-07-03 17:10:43,253.13,8.51
2844,2023-07-03 17:10:50,257.34,6.64
2844,2023-07-03 17:10:57,255.89,6.81
2844,2023-07-03 17:10:59,257.71,10.96
2844,2023-07-03 17:11:03,257.82,12.18
2844,2023-07-03 17:11:12,257.58,9.03
2844,2023-07-03 17:11:14,256.63,5.29
2844,2023-07-03 17:11:15,257.01,10.33
2844,2023-07-03 17:11:19,257.92,6.8
2844,2023-07-03 17:11:19,258.16,9.94
2844,2023-07-03 17:11:24,258.14,10.68
2844,2023-07-03 17:11:31,261.48,9.58
2844,2023-07-03 17:11:31,261.88,9.78
2844,2023-07-03 17:11:33,260.2,11.92
2844,2023-07-03 17:11:42,259.11,6.42
2844,2023-07-03 17:11:49,258.37,12.21
2844,2023-07-03 17:11:54,256.18,11.39
2844,2023-07-03 17:12:01,259.79,8.34
2844,2023-07-03 17:12:05,260.79,11.73
2844,2023-07-03 17:12:08,259.17,7.98
2844,2023-07-03 17:12:15,259.57,10.53
2844,2023-07-03 17:12:23,255.44,5.63
2844,2023-07-03 17:12:23,255.25,11.33
2844,2023-07-03 17:12:31,254.57,11.71
2844,2023-07-03 17:12:38,252.54,10.55
2844,2023-07-03 17:12:42,251.04,11.86
2844,2023-07-03 17:12:44,250.31,10.02
2844,2023-07-03 17:12:44,243.08,10.58
2844,2023-07-03 17:12:44,241.51,9.27
2844,2023-07-03 17:12:47,240.86,11.61
2844,2023-07-03 17:12:51,241.61,11.79
2844,2023-07-03 17:12:52,245.47,11.91
2844,2023-07-03 17:12:58,243.91,10.26
2844,2023-07-03 17:13:04,240.81,8.19
2844,2023-07-03 17:13:06,244.14,8.16
2844,2023-07-03 17:13:13,246.11,9.93
2844,2023-07-03 17:13:20,250.87,9.96
2844,2023-07-03 17:13:24,253.45,6.65
2844,2023-07-03 17:13:27,255.05,10.7
2844,2023-07-03 17:13:36,252.61,5.33
2844,2023-07-03 17:13:43,254.36,10.29
2844,2023-07-03 17:13:50,255.81,10.6
2844,2023-07-03 17:13:50,255.7,9.87
2844,2023-07-03 17:13:51,254.89,12.15
2844,2023-07-03 17:14:00,253.67,7.03
2844,2023-07-03 17:14:03,254.05,9.54
2844,2023-07-03 17:14:11,255.39,7.45
2844,2023-07-03 17:14:13,257.23,10.89
2844,2023-07-03 17:14:14,255.07,3.56
2844,2023-07-03 17:14:22,260.47,11.55
2844,2023-07-03 17:14:24,259.99,9.81
2844,2023-07-03 17:14:33,260.42,8.1
2844,2023-07-03 17:14:37,262.2,8.4
2844,2023-07-03 17:14:39,263.44,10.49
2844,2023-07-03 17:14:47,262.1,10.57
2844,2023-07-03 17:14:54,264.69,7.11
2844,2023-07-03 17:14:54,265.72,5.85
2844,2023-07-03 17:14:59,266.3,11.74
2844,2023-07-03 17:14:59,267.08,9.64
2844,2023-07-03 17:15:08,268.58,10.82
2844,2023-07-03 17:15:13,269.64,7.17
2844,2023-07-03 17:15:14,271.25,12.76
2844,2023-07-03 17:15:22,268.73,10.2
2844,2023-07-03 17:15:29,269.2,13.34
2844,2023-07-03 17:15:32,268.39,10.08
2844,2023-07-03 17:15:35,272.29,11.35
2844,2023-07-03 17:15:39,271.03,9.98
2844,2023-07-03 17:15:42,266.84,8.21
2844,2023-07-03 17:15:49,266.93,10.28
2844,2023-07-03 17:15:54,268.45,12.82
2844,2023-07-03 17:16:02,266.78,7.19
2844,2023-07-03 17:16:08,269.14,11.66
2844,2023-07-03 17:16:10,272.35,7.98
2844,2023-07-03 17:16:11,272.45,9.37
2844,2023-07-03 17:16:18,272.37,6.74
2844,2023-07-03 17:16:26,271.92,11.38
2844,2023-07-03 17:16:31,274.66,10.66
2844,2023-07-03 17:16:35,274.62,7.69
2844,2023-07-03 17:16:39,272.25,10.96
2844,2023-07-03 17:16:41,270.74,9.05
2844,2023-07-03 17:16:42,273.89,8.8
2844,2023-07-03 17:16:42,277.75,13.19
2844,2023-07-03 17:16:49,277.73,10.5
2844,2023-07-03 17:16:50,272.95,10.45
2844,2023-07-03 17:16:53,270.93,10.13
2844,2023-07-03 17:17:01,266.28,10.92
2844,2023-07-03 17:17:03,266.54,10.78
2844,2023-07-03 17:17:06,264.42,12.29
2844,2023-07-03 17:17:15,269.4,8.85
2844,2023-07-03 17:17:24,268.99,3.33
2844,2023-07-03 17:17:28,263.44,8.13
2844,2023-07-03 17:17:37,262.63,11.41
2844,2023-07-03 17:17:45,259.29,9.72
2844,2023-07-03 17:17:54,258.99,8.24
2844,2023-07-03 17:18:01,257.9,12.3
2844,2023-07-03 17:18:07,259.53,8.02
2844,2023-07-03 17:18:07,258.18,12.98
2844,2023-07-03 17:18:12,259.1,10.62
2844,2023-07-03 17:18:16,259.03,8.02
2844,2023-07-03 17:18:16,264.97,11.69
2844,2023-07-03 17:18:19,261.07,8.73
2844,2023-07-03 17:18:22,262.4,10.49
2844,2023-07-03 17:18:30,265.17,12.57
2844,2023-07-03 17:18:31,260.57,9.4
2844,2023-07-03 17:18:36,262.86,11.1
2844,2023-07-03 17:18:38,262.87,8.85
2844,2023-07-03 17:18:45,265.97,14.99
2844,2023-07-03 17:18:48,268.49,13.11
2844,2023-07-03 17:18:50,263.68,9.2
2844,2023-07-03 17:18:57,261.61,9.7
2844,2023-07-03 17:19:06,262.35,12.41
2844,2023-07-03 17:19:07,267.33,8.12
2844,2023-07-03 17:19:07,264.83,8.23
2844,2023-07-03 17:19:11,262.42,12.4
2844,2023-07-03 17:19:16,261.7,10.57
2844,2023-07-03 17:19:20,260.96,9.49
2844,2023-07-03 17:19:28,264.31,9.22
2844,2023-07-03 17:19:29,260.97,11.16
2844,2023-07-03 17:19:31,264.25,10.2
2844,2023-07-03 17:19:39,262.37,11.71
2844,2023-07-03 17:19:39,261.2,10.33
2844,2023-07-03 17:19:42,262.18,9.46
2844,2023-07-03 17:19:47,265.34,10.34
2844,2023-07-03 17:19:48,265.65,9.13
2844,2023-07-03 17:19:57,265.03,7.1
2844,2023-07-03 17:20:02,262.38,10.81
2844,2023-07-03 17:20:07,263.22,8
2844,2023-07-03 17:20:10,262.5,9.24
2844,2023-07-03 17:20:14,264.07,6.56
2844,2023-07-03 17:20:22,266.16,11.12
2844,2023-07-03 17:20:22,267.55,11.48
2844,2023-07-03 17:20:28,266.07,8.1
2844,2023-07-03 17:20:33,261.92,10.21
2844,2023-07-03 17:20:34,258.43,14.91
2844,2023-07-03 17:20:39,260.28,7.31
2844,2023-07-03 17:20:46,255.6,9.03
2844,2023-07-03 17:20:53,254.59,11.22
2844,2023-07-03 17:20:58,256.95,14.11
2844,2023-07-03 17:21:00,255.71,8.76
2844,2023-07-03 17:21:07,256.09,11.29
2844,2023-07-03 17:21:09,261.71,13.08
2844,2023-07-03 17:21:09,261.44,9.09
2844,2023-07-03 17:21:12,260.68,8.44
2844,2023-07-03 17:21:12,258.12,11.67
2844,2023-07-03 17:21:19,257.46,7.03
2844,2023-07-03 17:21:26,257.61,12.07
2844,2023-07-03 17:21:34,259.76,12.27
2844,2023-07-03 17:21:41,257.42,7.52
2844,2023-07-03 17:21:50,261.25,7.57
2844,2023-07-03 17:21:54,263.14,7.28
2844,2023-07-03 17:21:55,264.74,6.57
2844,2023-07-03 17:22:02,267.61,8.08
2844,2023-07-03 17:22:09,268.37,9.89
2844,2023-07-03 17:22:17,267.25,6.12
2844,2023-07-03 17:22:19,266.51,8.84
2844,2023-07-03 17:22:23,265.85,12.59
2844,2023-07-03 17:22:26,267.14,11.47
2844,2023-07-03 17:22:28,268.11,12.7
2844,2023-07-03 17:22:28,267.76,11.37
2844,2023-07-03 17:22:36,268.33,10.38
2844,2023-07-03 17:22:42,269.59,13.46
2844,2023-07-03 17:22:48,266.81,12.4
2844,2023-07-03 17:22:49,265.87,13.74
2844,2023-07-03 17:22:52,266.7,13.79
2844,2023-07-03 17:22:54,267.17,10.52
2844,2023-07-03 17:22:59,264.76,10.5
2844,2023-07-03 17:23:06,260.38,10.95
2844,2023-07-03 17:23:07,262.67,6.33
2844,2023-07-03 17:23:09,262.82,13.41
2844,2023-07-03 17:23:12,261.4,12.21
2844,2023-07-03 17:23:21,269.03,9.25
2844,2023-07-03 17:23:28,267.52,7.43
2844,2023-07-03 17:23:37,272.26,12.3
2844,2023-07-03 17:23:45,271.15,10.22
2844,2023-07-03 17:23:51,276.14,11.39
2844,2023-07-03 17:23:59,275.5,11.41
2844,2023-07-03 17:24:07,272.67,9.23
2844,2023-07-03 17:24:15,270.32,9.66
2844,2023-07-03 17:24:19,268.92,9.68
2844,2023-07-03 17:24:22,268.82,7.31
2844,2023-07-03 17:24:30,266.37,11.48
2844,2023-07-03 17:24:31,271.53,9.8
2844,2023-07-03 17:24:36,270.89,8.05
2844,2023-07-03 17:24:44,265.48,11.71
2844,2023-07-03 17:24:50,265.84,8.73
2844,2023-07-03 17:24:52,271.14,9.87
2844,2023-07-03 17:24:59,274.69,10.2
2844,2023-07-03 17:25:08,271.89,12.01
2844,2023-07-03 17:25:15,267.65,10.2
2844,2023-07-03 17:25:15,268.24,10.09
2844,2023-07-03 17:25:22,271.47,10.83
2844,2023-07-03 17:25:29,276.49,14.3
2844,2023-07-03 17:25:29,281.24,11.37
2844,2023-07-03 17:25:29,288.37,9.01
2844,2023-07-03 17:25:34,290.4,9.68
2844,2023-07-03 17:25:43,289.69,11.26
2844,2023-07-03 17:25:47,284.46,9.49
2844,2023-07-03 17:25:56,288.71,11.93
2844,2023-07-03 17:26:02,285.87,8.72
2844,2023-07-03 17:26:07,284.29,7.18
2844,2023-07-03 17:26:14,283.82,7.78
2844,2023-07-03 17:26:14,280.86,6.95
2844,2023-07-03 17:26:19,277.45,10.71
2844,2023-07-03 17:26:22,273.23,10.11
2844,2023-07-03 17:26:27,275.86,13.04
2844,2023-07-03 17:26:30,271.39,11.58
2844,2023-07-03 17:26:30,273.38,9.51
2844,2023-07-03 17:26:39,276.29,8.68
2844,2023-07-03 17:26:39,278.99,5.65
2844,2023-07-03 17:26:43,280.39,9.25
2844,2023-07-03 17:26:49,277.45,11.41
2844,2023-07-03 17:26:51,276.09,15.61
2844,2023-07-03 17:26:55,274.76,12.64
2844,2023-07-03 17:26:59,274.2,11.63
2844,2023-07-03 17:27:01,273.6,10.67
2844,2023-07-03 17:27:05,270.93,8.18
2844,2023-07-03 17:27:11,273.92,8.67
2844,2023-07-03 17:27:19,273.5,10.57
2844,2023-07-03 17:27:22,272.22,8.8
2844,2023-07-03 17:27:27,275.47,8.09
2844,2023-07-03 17:27:34,271.13,7.08
2844,2023-07-03 17:27:40,266.81,11.87
2844,2023-07-03 17:27:44,263.68,8.22
2844,2023-07-03 17:27:52,261.42,9.22
2844,2023-07-03 17:28:00,260.02,7.7
2844,2023-07-03 17:28:04,255.89,10.52
2844,2023-07-03 17:28:08,257.18,10.66
2844,2023-07-03 17:28:16,257.59,11.18
2844,2023-07-03 17:28:20,259.68,9.26
2844,2023-07-03 17:28:29,264.32,7.85
2844,2023-07-03 17:28:36,264.82,10.52
2844,2023-07-03 17:28:40,260.82,8.64
2844,2023-07-03 17:28:46,261.55,11.68
2844,2023-07-03 17:28:50,258.89,8.15
2844,2023-07-03 17:28:59,261.49,13.21
2844,2023-07-03 17:29:04,261.88,12.89
2844,2023-07-03 17:29:04,264.15,8.13
2844,2023-07-03 17:29:07,261.15,9.32
2844,2023-07-03 17:29:13,259.55,10.28
2844,2023-07-03 17:29:22,259.82,10.48
2844,2023-07-03 17:29:23,252.68,15.46
2844,2023-07-03 17:29:25,252.14,9.29
2844,2023-07-03 17:29:33,250.73,8.13
2844,2023-07-03 17:29:36,252.59,13.51
2844,2023-07-03 17:29:43,254.34,12.29
2844,2023-07-03 17:29:49,247.56,9.87
2844,2023-07-03 17:29:50,247.66,11.43
2844,2023-07-03 17:29:53,247.6,9.97
2844,2023-07-03 17:29:57,244.8,8.58
2844,2023-07-03 17:29:58,243.3,10.77
2844,2023-07-03 17:30:01,246.66,12.08
2844,2023-07-03 17:30:10,247.12,10.19
2844,2023-07-03 17:30:19,242.97,11.02
2844,2023-07-03 17:30:25,247.42,10.73
2844,2023-07-03 17:30:26,247.5,11.97
2844,2023-07-03 17:30:28,251.41,9.35
2844,2023-07-03 17:30:28,245.79,10.03
2844,2023-07-03 17:30:29,243.17,9.8
2844,2023-07-03 17:30:31,243.49,8.41
2844,2023-07-03 17:30:31,244.66,13.6
2844,2023-07-03 17:30:38,243.41,10.79
2844,2023-07-03 17:30:45,240.8,9.24
2844,2023-07-03 17:30:50,242.68,8.53
2844,2023-07-03 17:30:54,241.56,12.63
2844,2023-07-03 17:30:58,246.04,12.23
2844,2023-07-03 17:31:05,246.98,11.97
2844,2023-07-03 17:31:12,248.79,9.46
2844,2023-07-03 17:31:19,243.68,9.1
2844,2023-07-03 17:31:24,246.93,9.76
2844,2023-07-03 17:31:26,250.02,14.31
2844,2023-07-03 17:31:35,251.01,8.71
2844,2023-07-03 17:31:43,249.33,9.01
2844,2023-07-03 17:31:52,250.37,9.38
2844,2023-07-03 17:31:53,250.68,13.21
2844,2023-07-03 17:31:55,251.6,6.63
2844,2023-07-03 17:32:02,250.05,12.86
2844,2023-07-03 17:32:07,255.78,7.64
2844,2023-07-03 17:32:16,260.56,13.28
2844,2023-07-03 17:32:18,255.07,6.15
2844,2023-07-03 17:32:25,260.07,7.73
2844,2023-07-03 17:32:28,260.33,12.41
2844,2023-07-03 17:32:32,259.58,8.15
2844,2023-07-03 17:32:38,254.07,10.65
2844,2023-07-03 17:32:46,258.88,10
2844,2023-07-03 17:32:46,257.47,8.65
2844,2023-07-03 17:32:50,257.71,9.97
2844,2023-07-03 17:32:53,262.02,10.92
2844,2023-07-03 17:32:59,263.7,10.87
2844,2023-07-03 17:33:06,263.31,9.44
2844,2023-07-03 17:33:10,268.26,6.04
2844,2023-07-03 17:33:16,267.8,10.09
2844,2023-07-03 17:33:17,267.3,9.79
2844,2023-07-03 17:33:18,268.63,11.47
2844,2023-07-03 17:33:22,269.02,11.96
2844,2023-07-03 17:33:27,267.65,11.73
2844,2023-07-03 17:33:35,265.29,9.59
2844,2023-07-03 17:33:42,261.8,10.41
2844,2023-07-03 17:33:51,259.2,9.1
2844,2023-07-03 17:33:54,258.68,9.91
2844,2023-07-03 17:33:54,259.42,8.22
2844,2023-07-03 17:34:02,261.88,6.54
2844,2023-07-03 17:34:11,262.39,11.46
2844,2023-07-03 17:34:11,262.22,11.82
2844,2023-07-03 17:34:12,260.41,9.34
2844,2023-07-03 17:34:15,256.05,11.15
2844,2023-07-03 17:34:23,251.71,6.2
2844,2023-07-03 17:34:29,247.78,10.92
2844,2023-07-03 17:34:31,251.65,10.61
2844,2023-07-03 17:34:39,252.79,8.52
2844,2023-07-03 17:34:48,256.99,10.54
2844,2023-07-03 17:34:55,258.85,9.01
2844,2023-07-03 17:35:02,251.64,9.44
2844,2023-07-03 17:35:07,250.96,9.17
2844,2023-07-03 17:35:12,249.02,10.6
2844,2023-07-03 17:35:16,251.57,12.06
2844,2023-07-03 17:35:19,250.73,6.43
2844,2023-07-03 17:35:22,251.82,10.62
2844,2023-07-03 17:35:22,247.86,11.81
2844,2023-07-03 17:35:22,246.86,11.14
2844,2023-07-03 17:35:27,247.41,12.22
2844,2023-07-03 17:35:28,248.46,10.22
2844,2023-07-03 17:35:32,243.95,13.11
2844,2023-07-03 17:35:37,246.67,9.86
2844,2023-07-03 17:35:41,244.36,11.12
2844,2023-07-03 17:35:48,243.13,8.26
2844,2023-07-03 17:35:57,246.05,8.89
2844,2023-07-03 17:36:05,246.67,10.17
2844,2023-07-03 17:36:06,246.79,10.31
2844,2023-07-03 17:36:08,252.37,8.8
2844,2023-07-03 17:36:09,255.23,8.63
2844,2023-07-03 17:36:12,257.27,9.38
2844,2023-07-03 17:36:21,257.55,13.51
2844,2023-07-03 17:36:21,256.08,11.55
2844,2023-07-03 17:36:24,260.67,10.45
2844,2023-07-03 17:36:24,260.42,11.81
2844,2023-07-03 17:36:29,256.64,7.53
2844,2023-07-03 17:36:36,253.49,12.34
2844,2023-07-03 17:36:37,252.89,10.11
2844,2023-07-03 17:36:41,252.77,9.44
2844,2023-07-03 17:36:44,252.49,13.82
2844,2023-07-03 17:36:51,254.83,11.93
2844,2023-07-03 17:36:58,255.54,8.55
2844,2023-07-03 17:37:03,258.38,7.79
2844,2023-07-03 17:37:05,256.8,10.38
2844,2023-07-03 17:37:11,260.71,9.31
2844,2023-07-03 17:37:15,261.26,10.72
2844,2023-07-03 17:37:20,263.05,12.22
2844,2023-07-03 17:37:26,267.29,10.87
2844,2023-07-03 17:37:35,267.69,11.5
2844,2023-07-03 17:37:38,268.04,13.24
2844,2023-07-03 17:37:38,266.52,12.45
2844,2023-07-03 17:37:38,262.83,11.01
2844,2023-07-03 17:37:47,266.65,11.15
2844,2023-07-03 17:37:56,267.51,11.2
2844,2023-07-03 17:38:03,265.83,11.53
2844,2023-07-03 17:38:07,261.79,10.62
2844,2023-07-03 17:38:09,260.06,10.44
2844,2023-07-03 17:38:15,258.56,9.53
2844,2023-07-03 17:38:20,259.06,6.52
2844,2023-07-03 17:38:24,257.78,14.95
2844,2023-07-03 17:38:32,257.23,12.69
2844,2023-07-03 17:38:38,253.8,8.45
2844,2023-07-03 17:38:38,252.28,8.58
2844,2023-07-03 17:38:38,254.67,13.6
2844,2023-07-03 17:38:45,256.11,9.45
2844,2023-07-03 17:38:51,256.77,6.81
2844,2023-07-03 17:38:51,259.02,6.3
2844,2023-07-03 17:38:51,266.71,11.21
2844,2023-07-03 17:38:59,270.17,9.4
2844,2023-07-03 17:39:03,267.95,7.32
2844,2023-07-03 17:39:06,262.9,7.88
2844,2023-07-03 17:39:06,262.97,7.62
2844,2023-07-03 17:39:08,259.38,8.55
2844,2023-07-03 17:39:12,256.6,9.27
2844,2023-07-03 17:39:17,251.86,11.14
2844,2023-07-03 17:39:21,254.53,9.11
2844,2023-07-03 17:39:23,254.68,12.61
2844,2023-07-03 17:39:27,253.67,9.08
2844,2023-07-03 17:39:31,249.27,9.43
2844,2023-07-03 17:39:37,252.85,5.58
2844,2023-07-03 17:39:45,252.47,11.35
2844,2023-07-03 17:39:52,252.24,11.63
2844,2023-07-03 17:39:55,251.61,7.7
2844,2023-07-03 17:40:00,255.05,11.03
2844,2023-07-03 17:40:03,256.35,10.54
2844,2023-07-03 17:40:03,257.82,11.38
2844,2023-07-03 17:40:06,255.43,8.93
2844,2023-07-03 17:40:06,255.8,12.27
2844,2023-07-03 17:40:13,260.51,12.78
2844,2023-07-03 17:40:19,258.63,8.22
2844,2023-07-03 17:40:22,260.73,9.91
2844,2023-07-03 17:40:24,256.82,9.86
2844,2023-07-03 17:40:31,257.42,14.75
2844,2023-07-03 17:40:36,254.71,9.9
2844,2023-07-03 17:40:44,255.57,10.79
2844,2023-07-03 17:40:50,253.66,12.43
2844,2023-07-03 17:40:56,254.66,7.06
2844,2023-07-03 17:41:04,250.67,11.7
2844,2023-07-03 17:41:07,253.96,1.56
2844,2023-07-03 17:41:09,256.67,10.43
2844,2023-07-03 17:41:14,255.47,9.49
2844,2023-07-03 17:41:19,259.04,12.89
2844,2023-07-03 17:41:23,259.1,8.62
2844,2023-07-03 17:41:30,260.85,11.14
2844,2023-07-03 17:41:32,262.03,13.87
2844,2023-07-03 17:41:35,262.05,10.4
2844,2023-07-03 17:41:44,263.49,10.49
2844,2023-07-03 17:41:47,266.3,10.84
2844,2023-07-03 17:41:53,264.93,13.15
2844,2023-07-03 17:42:00,262.49,11.49
2844,2023-07-03 17:42:03,257.38,12.63
2844,2023-07-03 17:42:05,258.29,7.29
2844,2023-07-03 17:42:13,258.51,10.87
2844,2023-07-03 17:42:17,258.45,11.82
2844,2023-07-03 17:42:26,255.05,10
2844,2023-07-03 17:42:30,251.7,10.87
2844,2023-07-03 17:42:31,249.9,9.08
2844,2023-07-03 17:42:31,245.46,14.38
2844,2023-07-03 17:42:36,245.28,8.58
2844,2023-07-03 17:42:41,246.07,10.44
2844,2023-07-03 17:42:42,247.95,6.13
2844,2023-07-03 17:42:48,247.74,9.51
2844,2023-07-03 17:42:56,246.82,7.68
2844,2023-07-03 17:43:01,247.55,9.77
2844,2023-07-03 17:43:08,248.14,11.82
2844,2023-07-03 17:43:15,246.78,11.96
2844,2023-07-03 17:43:17,247.38,8.46
2844,2023-07-03 17:43:19,244.91,9.77
2844,2023-07-03 17:43:26,242.38,9.73
2844,2023-07-03 17:43:27,240.38,6.65
2844,2023-07-03 17:43:30,236.53,11.93
2844,2023-07-03 17:43:37,235.98,12.01
2844,2023-07-03 17:43:42,232.75,9.08
2844,2023-07-03 17:43:48,231.96,9.1
2844,2023-07-03 17:43:48,231.84,9.56
2844,2023-07-03 17:43:48,232.21,8.99
2844,2023-07-03 17:43:57,233.02,11.6
2844,2023-07-03 17:44:05,235.39,9.59
2844,2023-07-03 17:44:12,233.85,10.09
2844,2023-07-03 17:44:16,233.4,11.63
2844,2023-07-03 17:44:23,233,7.56
2844,2023-07-03 17:44:26,230.29,6.75
2844,2023-07-03 17:44:35,228.6,12.45
2844,2023-07-03 17:44:38,228.44,10.84
2844,2023-07-03 17:44:47,229.35,9.45
2844,2023-07-03 17:44:55,224.98,11.14
2844,2023-07-03 17:45:04,224.43,8.18
2844,2023-07-03 17:45:13,226.27,6.82
2844,2023-07-03 17:45:20,225.07,10.14
2844,2023-07-03 17:45:22,228.84,9.9
2844,2023-07-03 17:45:23,225.8,10.71
2844,2023-07-03 17:45:31,227.07,9.34
2844,2023-07-03 17:45:36,227.58,11.41
2844,2023-07-03 17:45:38,231.58,9.01
2844,2023-07-03 17:45:39,231.15,9.84
2844,2023-07-03 17:45:40,233.48,9.86
2844,2023-07-03 17:45:43,233.74,8.61
2844,2023-07-03 17:45:47,232.98,8.4
2844,2023-07-03 17:45:49,229.85,9
2844,2023-07-03 17:45:53,231.5,7.97
2844,2023-07-03 17:46:01,231.12,10.89
2844,2023-07-03 17:46:09,231.2,11.07
2844,2023-07-03 17:46:11,232.38,9.07
2844,2023-07-03 17:46:11,235.07,10.16
2844,2023-07-03 17:46:13,236.27,10.98
2844,2023-07-03 17:46:15,237.81,8.3
2844,2023-07-03 17:46:19,239.22,12.46
2844,2023-07-03 17:46:25,237.32,10.47
2844,2023-07-03 17:46:34,240.22,8.18
2844,2023-07-03 17:46:37,243.56,8.11
2844,2023-07-03 17:46:46,242.28,9.76
2844,2023-07-03 17:46:46,242.3,12.2
2844,2023-07-03 17:46:47,241.64,9.45
2844,2023-07-03 17:46:55,238.47,6.04
2844,2023-07-03 17:47:00,238.13,12.49
2844,2023-07-03 17:47:05,241.96,8.46
2844,2023-07-03 17:47:10,241.83,9.98
2844,2023-07-03 17:47:10,240,9.47
2844,2023-07-03 17:47:15,244.48,9.52
2844,2023-07-03 17:47:21,249.73,11.5
2844,2023-07-03 17:47:27,250.57,9.2
2844,2023-07-03 17:47:31,241.01,10.07
2844,2023-07-03 17:47:40,239.83,9.84
2844,2023-07-03 17:47:44,240.06,7.66
2844,2023-07-03 17:47:50,241.01,9.98
2844,2023-07-03 17:47:53,243.79,8.07
2844,2023-07-03 17:47:57,244.61,11.16
2844,2023-07-03 17:48:06,237.91,8.86
2844,2023-07-03 17:48:10,236.4,9.23
2844,2023-07-03 17:48:17,235.49,7.74
2844,2023-07-03 17:48:24,235.05,5.01
2844,2023-07-03 17:48:31,233.54,11.26
2844,2023-07-03 17:48:31,230.09,9.83
2844,2023-07-03 17:48:38,225.8,9.25
2844,2023-07-03 17:48:39,226.43,5.62
2844,2023-07-03 17:48:40,228.57,12.76
2844,2023-07-03 17:48:48,227.15,11.67
2844,2023-07-03 17:48:52,224.7,12.58
2844,2023-07-03 17:48:53,219.86,9.97
2844,2023-07-03 17:48:57,218.22,9.91
2844,2023-07-03 17:49:04,217.71,10.49
2844,2023-07-03 17:49:08,219.33,9.34
2844,2023-07-03 17:49:17,220.23,11.64
2844,2023-07-03 17:49:24,224.39,9.51
2844,2023-07-03 17:49:27,226.12,8.68
2844,2023-07-03 17:49:28,227.28,7.93
2844,2023-07-03 17:49:37,224.38,11.66
2844,2023-07-03 17:49:40,222.89,10.51
2844,2023-07-03 17:49:45,222.03,9.91
2844,2023-07-03 17:49:47,225.4,9.4
2844,2023-07-03 17:49:55,222.4,6.5
2844,2023-07-03 17:50:01,223.39,11.43
2844,2023-07-03 17:50:07,225.41,12.55
2844,2023-07-03 17:50:08,228.49,8.23
2844,2023-07-03 17:50:14,226.35,14.03
2844,2023-07-03 17:50:20,230.26,10.47
2844,2023-07-03 17:50:28,231.79,12.35
2844,2023-07-03 17:50:32,230.97,12.13
2844,2023-07-03 17:50:34,227.99,13.69
2844,2023-07-03 17:50:39,226.22,11.2
2844,2023-07-03 17:50:41,228.68,8.25
2844,2023-07-03 17:50:46,227.23,8.68
2844,2023-07-03 17:50:53,229.24,7.5
2844,2023-07-03 17:50:58,232.3,7.69
2844,2023-07-03 17:51:03,230.86,12.73
2844,2023-07-03 17:51:09,232.44,10.04
2844,2023-07-03 17:51:10,236.44,10.92
2844,2023-07-03 17:51:10,234.85,9.73
2844,2023-07-03 17:51:19,233.63,9.76
2844,2023-07-03 17:51:19,232.25,10.6
2844,2023-07-03 17:51:28,228.93,9.51
2844,2023-07-03 17:51:33,230.18,10.09
2844,2023-07-03 17:51:40,232.72,10.03
2844,2023-07-03 17:51:43,231.82,12.54
2844,2023-07-03 17:51:47,233.29,8.73
2844,2023-07-03 17:51:56,230.91,9.05
2844,2023-07-03 17:52:05,233.53,9.69
2844,2023-07-03 17:52:14,233.22,10.96
2844,2023-07-03 17:52:22,233.17,9.51
2844,2023-07-03 17:52:22,233.36,6.41
2844,2023-07-03 17:52:25,233.51,8.13
2844,2023-07-03 17:52:27,228.77,11.03
2844,2023-07-03 17:52:29,228.03,9.74
2844,2023-07-03 17:52:35,227.66,10.06
2844,2023-07-03 17:52:40,228.59,10.36
2844,2023-07-03 17:52:46,225.6,6.84
2844,2023-07-03 17:52:52,224.8,6.61
2844,2023-07-03 17:52:59,226.09,10.52
2844,2023-07-03 17:53:06,225.55,8.52
2844,2023-07-03 17:53:10,226.93,10.6
2844,2023-07-03 17:53:17,228.87,10.63
2844,2023-07-03 17:53:19,227.96,12.43
2844,2023-07-03 17:53:19,229.17,8.57
2844,2023-07-03 17:53:19,233,9.61
2844,2023-07-03 17:53:28,233.95,8.37
2844,2023-07-03 17:53:35,239.11,7.64
2844,2023-07-03 17:53:43,239.44,10.03
2844,2023-07-03 17:53:52,236.77,9.81
2844,2023-07-03 17:53:56,239.94,8.23
2844,2023-07-03 17:54:01,241.85,10.91
2844,2023-07-03 17:54:09,244.01,14.14
2844,2023-07-03 17:54:09,242.26,13.46
2844,2023-07-03 17:54:10,243.87,12.31
2844,2023-07-03 17:54:10,242.24,13.83
2844,2023-07-03 17:54:15,241.64,10.31
2844,2023-07-03 17:54:15,241.66,12.64
2844,2023-07-03 17:54:20,242.96,8.42
2844,2023-07-03 17:54:22,243.85,12.85
2844,2023-07-03 17:54:26,241.79,9.44
2844,2023-07-03 17:54:26,241.62,9.47
2844,2023-07-03 17:54:32,240.06,6.23
2844,2023-07-03 17:54:40,234.65,9.07
2844,2023-07-03 17:54:46,235.55,6.84
2844,2023-07-03 17:54:54,236.59,9.52
2844,2023-07-03 17:54:57,233.93,7.58
2844,2023-07-03 17:54:59,234.09,8.39
2844,2023-07-03 17:55:02,232.14,7.4
2844,2023-07-03 17:55:03,234.76,9.44
2844,2023-07-03 17:55:06,233.24,7.81
2844,2023-07-03 17:55:15,231.17,12.76
2844,2023-07-03 17:55:15,231.23,12.18
2844,2023-07-03 17:55:24,227.63,14.15
2844,2023-07-03 17:55:24,226.28,8.39
2844,2023-07-03 17:55:28,224.03,11.06
2844,2023-07-03 17:55:35,220.82,9.54
2844,2023-07-03 17:55:40,223.11,12.5
2844,2023-07-03 17:55:40,225.08,10.17
2844,2023-07-03 17:55:47,223.5,8.48
2844,2023-07-03 17:55:47,222.12,9.23
2844,2023-07-03 17:55:56,222.22,6.68
2844,2023-07-03 17:55:57,222.76,6.12
2844,2023-07-03 17:56:00,222.34,11.33
2844,2023-07-03 17:56:06,221.53,6.38
2844,2023-07-03 17:56:12,223.27,7.56
2844,2023-07-03 17:56:12,221.1,9.52
2844,2023-07-03 17:56:12,222.82,12.06
2844,2023-07-03 17:56:17,221.78,9.77
2844,2023-07-03 17:56:19,218.69,10.14
2844,2023-07-03 17:56:23,218.6,8.91
2844,2023-07-03 17:56:26,218.44,6.12
2844,2023-07-03 17:56:27,216.91,12.09
2844,2023-07-03 17:56:34,216.77,11.65
2844,2023-07-03 17:56:38,217.38,10.71
2844,2023-07-03 17:56:41,217.72,10.93
2844,2023-07-03 17:56:42,214.07,12.97
2844,2023-07-03 17:56:47,213.93,11.18
2844,2023-07-03 17:56:55,217.39,13.06
2844,2023-07-03 17:57:03,212.17,10.67
2844,2023-07-03 17:57:08,215.21,11.36
2844,2023-07-03 17:57:16,212.67,10.22
2844,2023-07-03 17:57:22,214.42,10.47
2844,2023-07-03 17:57:31,212.52,10.9
2844,2023-07-03 17:57:35,212.37,11.79
2844,2023-07-03 17:57:39,212.66,12.77
2844,2023-07-03 17:57:41,210.25,9.66
2844,2023-07-03 17:57:50,210.36,12.27
2844,2023-07-03 17:57:50,211.14,9.45
2844,2023-07-03 17:57:59,210.81,9.09
2844,2023-07-03 17:58:03,212.1,9.31
2844,2023-07-03 17:58:11,210.21,7.46
2844,2023-07-03 17:58:12,207.99,13.1
2844,2023-07-03 17:58:20,206.04,8.59
2844,2023-07-03 17:58:25,205.67,9.46
2844,2023-07-03 17:58:26,207.16,11.14
2844,2023-07-03 17:58:32,207.23,9.77
2844,2023-07-03 17:58:40,203.86,10.39
2844,2023-07-03 17:58:43,204.8,11.71
2844,2023-07-03 17:58:45,200.21,5.24
2844,2023-07-03 17:58:45,200.19,11
2844,2023-07-03 17:58:46,198.8,7.78
2844,2023-07-03 17:58:46,195.4,13.01
2844,2023-07-03 17:58:47,191.44,8.76
2844,2023-07-03 17:58:50,190.35,13.79
2844,2023-07-03 17:58:55,190.87,11.08
2844,2023-07-03 17:58:57,189.29,7.15
2844,2023-07-03 17:59:02,187.85,9.04
2844,2023-07-03 17:59:07,188.34,13.61
2844,2023-07-03 17:59:15,187.56,9.65
2844,2023-07-03 17:59:19,189.66,12.31
2844,2023-07-03 17:59:25,188.58,11.64
2844,2023-07-03 17:59:34,188.25,11.12
2844,2023-07-03 17:59:36,189.79,10.06
2844,2023-07-03 17:59:45,191.27,14.15
2844,2023-07-03 17:59:52,193.37,10.3
2844,2023-07-03 17:59:52,193.58,12.73
2844,2023-07-03 17:59:58,192.3,12
2844,2023-07-03 18:00:01,188.95,9.38
2844,2023-07-03 18:00:09,187.75,10.22
2844,2023-07-03 18:00:17,188.95,7.95
2844,2023-07-03 18:00:24,190.42,5.12
2844,2023-07-03 18:00:26,187.64,9.84
2844,2023-07-03 18:00:33,188.98,8.37
2844,2023-07-03 18:00:34,188.77,14.91
2844,2023-07-03 18:00:35,188.64,5.33
2844,2023-07-03 18:00:39,187.97,9.68
2844,2023-07-03 18:00:39,190.43,7.88
2844,2023-07-03 18:00:41,190.36,8.15
2844,2023-07-03 18:00:47,187.32,8.44
2844,2023-07-03 18:00:52,188.63,6.96
2844,2023-07-03 18:00:57,188.72,7.45
2844,2023-07-03 18:01:00,189.66,11.25
2844,2023-07-03 18:01:07,190.52,8.62
2844,2023-07-03 18:01:09,190.13,8.34
2844,2023-07-03 18:01:11,192.76,11.91
2844,2023-07-03 18:01:16,193.54,7.47
2844,2023-07-03 18:01:17,192.76,8.73
2844,2023-07-03 18:01:18,192.28,5.76
2844,2023-07-03 18:01:21,191.67,11.78
2844,2023-07-03 18:01:23,191.02,11.5
2844,2023-07-03 18:01:25,188.73,15.8
2844,2023-07-03 18:01:33,186.13,7.29
2844,2023-07-03 18:01:41,186.9,9.13
2844,2023-07-03 18:01:50,185.89,8.57
2844,2023-07-03 18:01:53,186.51,9.63
2844,2023-07-03 18:01:59,186.15,10.63
2844,2023-07-03 18:02:06,186.28,11.04
2844,2023-07-03 18:02:15,186.88,6.57
2844,2023-07-03 18:02:19,185.95,8.05
2844,2023-07-03 18:02:19,185.99,10.64
2844,2023-07-03 18:02:26,185.02,14.88
2844,2023-07-03 18:02:27,184.36,8.86
2844,2023-07-03 18:02:35,184.29,10.59
2844,2023-07-03 18:02:40,182.83,11.34
2844,2023-07-03 18:02:46,181.23,9.5
2844,2023-07-03 18:02:53,180.78,12.01
2844,2023-07-03 18:03:00,181.32,5.35
2844,2023-07-03 18:03:05,182.75,8.24
2844,2023-07-03 18:03:11,180.8,5.88
2844,2023-07-03 18:03:16,176.44,10.41
2844,2023-07-03 18:03:20,176.41,10.71
2844,2023-07-03 18:03:27,174.72,11.59
2844,2023-07-03 18:03:32,171.72,11.61
2844,2023-07-03 18:03:34,170.92,11.04
2844,2023-07-03 18:03:36,169.51,8.58
2844,2023-07-03 18:03:44,169.05,7.91
2844,2023-07-03 18:03:44,168.19,10.39
2844,2023-07-03 18:03:48,168.09,8.75
2844,2023-07-03 18:03:56,170.16,9.86
2844,2023-07-03 18:04:05,170.17,11.55
2844,2023-07-03 18:04:08,169.68,10.61
2844,2023-07-03 18:04:08,168.32,14.58
2844,2023-07-03 18:04:13,167.32,11.71
2844,2023-07-03 18:04:20,166.35,10.53
2844,2023-07-03 18:04:20,163.57,11.41
2844,2023-07-03 18:04:23,163,6.63
2844,2023-07-03 18:04:29,161.39,12.19
2844,2023-07-03 18:04:37,161.48,7.24
2844,2023-07-03 18:04:46,160.76,11.21
2844,2023-07-03 18:04:49,160.83,10.55
2844,2023-07-03 18:04:56,163.27,6.15
2844,2023-07-03 18:05:03,163.27,7.26
2844,2023-07-03 18:05:10,163.17,8.86
2844,2023-07-03 18:05:10,164.18,9.37
2844,2023-07-03 18:05:12,165.44,14.03
2844,2023-07-03 18:05:14,164.6,9.94
2844,2023-07-03 18:05:23,165.2,6.86
2844,2023-07-03 18:05:24,167.21,6.41
2844,2023-07-03 18:05:28,168.26,7.83
2844,2023-07-03 18:05:28,169.66,6.1
2844,2023-07-03 18:05:29,171.16,7.99
2844,2023-07-03 18:05:30,173.58,10.14
2844,2023-07-03 18:05:30,174.37,12.06
2844,2023-07-03 18:05:38,172.51,7.44
2844,2023-07-03 18:05:47,171.42,10.16
2844,2023-07-03 18:05:47,174.17,7.32
2844,2023-07-03 18:05:54,173.2,9.3
2844,2023-07-03 18:06:01,172.23,8.28
2844,2023-07-03 18:06:02,174,12.62
2844,2023-07-03 18:06:03,175.8,9.95
2844,2023-07-03 18:06:10,176.43,7.97
2844,2023-07-03 18:06:15,177.25,14.04
2844,2023-07-03 18:06:23,175.39,12.44
2844,2023-07-03 18:06:27,173.49,10.92
2844,2023-07-03 18:06:28,175.3,8.38
2844,2023-07-03 18:06:33,174.05,12.28
2844,2023-07-03 18:06:41,173.96,10.73
2844,2023-07-03 18:06:42,176.88,10.91
2844,2023-07-03 18:06:50,178.41,10.88
2844,2023-07-03 18:06:51,176.73,8.22
2844,2023-07-03 18:06:55,178.13,9.96
2844,2023-07-03 18:06:59,177.69,9.84
2844,2023-07-03 18:06:59,175.31,5.68
2844,2023-07-03 18:07:06,175.9,6.7
2844,2023-07-03 18:07:11,174.31,10.96
2844,2023-07-03 18:07:19,173.74,11.7
2844,2023-07-03 18:07:28,176.71,6.72
2844,2023-07-03 18:07:29,175.71,11.03
2844,2023-07-03 18:07:31,176.12,8.38
2844,2023-07-03 18:07:40,172.97,12.35
2844,2023-07-03 18:07:46,175.17,11.36
2844,2023-07-03 18:07:52,174.42,10.33
2844,2023-07-03 18:07:56,174.32,10.94
2844,2023-07-03 18:08:02,173.46,7.71
2844,2023-07-03 18:08:11,172.06,10.72
2844,2023-07-03 18:08:20,174.76,7.67
2844,2023-07-03 18:08:21,174.49,10.25
2844,2023-07-03 18:08:26,174.97,8.93
2844,2023-07-03 18:08:31,175.09,9.16
2844,2023-07-03 18:08:35,173.69,10.51
2844,2023-07-03 18:08:35,177.62,14.57
2844,2023-07-03 18:08:40,176.24,10.19
2844,2023-07-03 18:08:41,176.27,10.59
2844,2023-07-03 18:08:47,177.04,7.96
2844,2023-07-03 18:08:49,174.15,10.72
2844,2023-07-03 18:08:51,173.83,7.43
2844,2023-07-03 18:08:59,174.07,8.38
2844,2023-07-03 18:09:01,174.81,9.13
2844,2023-07-03 18:09:10,176.73,10.24
2844,2023-07-03 18:09:16,173.52,9.17
2844,2023-07-03 18:09:22,172.65,10.49
2844,2023-07-03 18:09:22,175.9,11.01
2844,2023-07-03 18:09:26,173.78,9.19
2844,2023-07-03 18:09:27,175.47,8.08
2844,2023-07-03 18:09:27,174.86,11.14
2844,2023-07-03 18:09:27,173.04,8.61
2844,2023-07-03 18:09:31,174.08,9.1
2844,2023-07-03 18:09:40,172.73,8.37
2844,2023-07-03 18:09:44,171.54,9.6
2844,2023-07-03 18:09:47,171.81,9.92
2844,2023-07-03 18:09:49,167.82,10.63
2844,2023-07-03 18:09:51,169.04,10.03
2844,2023-07-03 18:09:54,170.29,11.52
2844,2023-07-03 18:10:02,170.92,10.63
2844,2023-07-03 18:10:02,170.27,12.73
2844,2023-07-03 18:10:10,167.72,12.55
2844,2023-07-03 18:10:13,167.26,13.68
2844,2023-07-03 18:10:14,167.11,11.75
2844,2023-07-03 18:10:17,167.85,9.11
2844,2023-07-03 18:10:18,170.4,12.18
2844,2023-07-03 18:10:25,170.14,8.33
2844,2023-07-03 18:10:28,170.23,12.6
2844,2023-07-03 18:10:36,169.45,7.75
2844,2023-07-03 18:10:45,169.38,10.53
2844,2023-07-03 18:10:46,166.1,9.45
2844,2023-07-03 18:10:52,167.56,10.25
2844,2023-07-03 18:10:53,168.23,11.84
2844,2023-07-03 18:10:58,168.4,11.54
2844,2023-07-03 18:11:07,170.73,11.46
2844,2023-07-03 18:11:09,169.87,9.79
2844,2023-07-03 18:11:09,170.78,9.17
2844,2023-07-03 18:11:12,168.53,9.22
2844,2023-07-03 18:11:12,167.95,10.3
2844,2023-07-03 18:11:13,168.25,9.69
2844,2023-07-03 18:11:18,166.59,7.23
2844,2023-07-03 18:11:25,168.37,6.35
2844,2023-07-03 18:11:33,169.87,11.48
2844,2023-07-03 18:11:33,166.24,8.02
2844,2023-07-03 18:11:41,165.11,9.04
2844,2023-07-03 18:11:44,165.55,10.55
2844,2023-07-03 18:11:46,167.43,9.04
2844,2023-07-03 18:11:47,167.1,7.01
2844,2023-07-03 18:11:47,167.79,7.6
2844,2023-07-03 18:11:50,165.3,8.16
2844,2023-07-03 18:11:56,162.75,8.72
2844,2023-07-03 18:12:01,164.96,9.02
2844,2023-07-03 18:12:09,165.33,11.63
2844,2023-07-03 18:12:11,167.44,8.15
2844,2023-07-03 18:12:17,165.91,8.64
2844,2023-07-03 18:12:26,168.42,12.16
2844,2023-07-03 18:12:32,167.18,9.75
2844,2023-07-03 18:12:40,166.69,9.41
2844,2023-07-03 18:12:45,168.69,16.04
2844,2023-07-03 18:12:45,168.22,10.49
2844,2023-07-03 18:12:53,169.59,14.44
2844,2023-07-03 18:12:55,172.22,13.74
2844,2023-07-03 18:13:02,172.65,11.36
2844,2023-07-03 18:13:03,175.74,7.48
2844,2023-07-03 18:13:03,174.05,10.69
2844,2023-07-03 18:13:03,173.29,14.22
2844,2023-07-03 18:13:03,174.94,9.4
2844,2023-07-03 18:13:07,176.05,12.98
2844,2023-07-03 18:13:15,176.87,9.67
2844,2023-07-03 18:13:24,177.53,7.86
2844,2023-07-03 18:13:31,177.78,11.54
2844,2023-07-03 18:13:38,178.26,8.65
2844,2023-07-03 18:13:43,178.15,8.89
2844,2023-07-03 18:13:49,176.11,10.03
2844,2023-07-03 18:13:50,174.35,9
2844,2023-07-03 18:13:51,173.14,10.39
2844,2023-07-03 18:13:53,173.78,10.2
2844,2023-07-03 18:13:53,173.02,8.41
2844,2023-07-03 18:13:57,172.23,11.24
2844,2023-07-03 18:14:04,168.79,8.86
2844,2023-07-03 18:14:13,167.9,10.66
2844,2023-07-03 18:14:19,171.42,9.59
2844,2023-07-03 18:14:23,173.35,10.4
2844,2023-07-03 18:14:26,173.62,9.59
2844,2023-07-03 18:14:28,170.49,10.82
2844,2023-07-03 18:14:37,170.66,9.19
2844,2023-07-03 18:14:39,171.9,13.15
2844,2023-07-03 18:14:47,173.49,7.79
2844,2023-07-03 18:14:51,173.2,9.51
2844,2023-07-03 18:14:59,172.65,9.61
2844,2023-07-03 18:15:01,173.21,6.16
2844,2023-07-03 18:15:10,174.82,8.22
2844,2023-07-03 18:15:16,177.67,9.52
2844,2023-07-03 18:15:18,178.15,10.92
2844,2023-07-03 18:15:23,181.68,10.54
2844,2023-07-03 18:15:24,183.1,6.13
2844,2023-07-03 18:15:24,185.16,8.76
2844,2023-07-03 18:15:24,186.14,9.65
2844,2023-07-03 18:15:25,184.63,8.61
2844,2023-07-03 18:15:30,185.05,11.46
2844,2023-07-03 18:15:39,184.13,10.69
2844,2023-07-03 18:15:45,187.37,9.73
2844,2023-07-03 18:15:49,186.73,8.54
2844,2023-07-03 18:15:50,186.78,6.51
2844,2023-07-03 18:15:52,185.65,8.22
2844,2023-07-03 18:15:56,191.04,7.97
2844,2023-07-03 18:15:59,190.79,11.96
2844,2023-07-03 18:16:06,189.27,10.79
2844,2023-07-03 18:16:09,186.97,12.84
2844,2023-07-03 18:16:14,188.96,8.6
2844,2023-07-03 18:16:15,189.89,9.18
2844,2023-07-03 18:16:22,190.78,11.41
2844,2023-07-03 18:16:23,191.26,10.8
2844,2023-07-03 18:16:24,192.1,8.41
2844,2023-07-03 18:16:26,191.83,10.8
2844,2023-07-03 18:16:33,192.04,10.15
2844,2023-07-03 18:16:42,189.92,10.82
2844,2023-07-03 18:16:43,190.13,11.33
2844,2023-07-03 18:16:49,192.05,8.56
2844,2023-07-03 18:16:49,190.34,10.83
2844,2023-07-03 18:16:56,189.92,5.42
2844,2023-07-03 18:17:03,186.8,10.49
2844,2023-07-03 18:17:10,185.6,8.91
2844,2023-07-03 18:17:18,183.73,9.81
2844,2023-07-03 18:17:19,182.54,11.69
2844,2023-07-03 18:17:25,178.49,11.58
2844,2023-07-03 18:17:25,179.56,8.38
2844,2023-07-03 18:17:33,182.67,12.77
2844,2023-07-03 18:17:36,181.13,9.42
2844,2023-07-03 18:17:40,182.34,10.44
2844,2023-07-03 18:17:43,183.51,8.79
2844,2023-07-03 18:17:46,182.76,7
2844,2023-07-03 18:17:49,183.19,11.13
2844,2023-07-03 18:17:58,184.02,11.91
2844,2023-07-03 18:18:05,185.08,8.19
2844,2023-07-03 18:18:14,180.95,8.59
2844,2023-07-03 18:18:22,180.87,11.09
2844,2023-07-03 18:18:30,180.15,3.6
2844,2023-07-03 18:18:38,180.38,10.5
2844,2023-07-03 18:18:43,180.48,10.82
2844,2023-07-03 18:18:49,181.58,13.17
2844,2023-07-03 18:18:55,179.91,8.86
2844,2023-07-03 18:18:58,179.29,6.35
2844,2023-07-03 18:19:04,181.51,12.93
2844,2023-07-03 18:19:08,182.85,8.64
2844,2023-07-03 18:19:09,179.65,12.67
2844,2023-07-03 18:19:15,179.47,8.95
2844,2023-07-03 18:19:22,180.14,10.77
2844,2023-07-03 18:19:31,178.65,12.75
2844,2023-07-03 18:19:37,180.97,9.55
2844,2023-07-03 18:19:41,182.53,6.33
2844,2023-07-03 18:19:50,180.74,9.11
2844,2023-07-03 18:19:57,181.09,11.05
2844,2023-07-03 18:20:03,183.55,14.13
2844,2023-07-03 18:20:10,184.5,10.99
2844,2023-07-03 18:20:10,185.97,12.3
2844,2023-07-03 18:20:18,183.73,8.61
2844,2023-07-03 18:20:18,183.36,10.88
2844,2023-07-03 18:20:18,182.93,14.36
2844,2023-07-03 18:20:23,181.23,11.39
2844,2023-07-03 18:20:30,182.56,9.49
2844,2023-07-03 18:20:35,185.16,7.84
2844,2023-07-03 18:20:39,185.4,7.16
2844,2023-07-03 18:20:48,187.81,7.11
2844,2023-07-03 18:20:49,185.79,8.91
2844,2023-07-03 18:20:58,182.89,9.08
2844,2023-07-03 18:21:02,181.78,8.43
2844,2023-07-03 18:21:07,183.17,14.76
2844,2023-07-03 18:21:12,183.31,9.41
2844,2023-07-03 18:21:20,184.33,13.3
2844,2023-07-03 18:21:27,184.58,9.49
2844,2023-07-03 18:21:33,184.51,11.95
2844,2023-07-03 18:21:36,184.04,8.27
2844,2023-07-03 18:21:39,182.7,11.18
2844,2023-07-03 18:21:41,184.64,13.47
2844,2023-07-03 18:21:44,184.18,9.81
2844,2023-07-03 18:21:53,182.97,7.6
2844,2023-07-03 18:21:54,184.27,11.3
2844,2023-07-03 18:22:03,187.5,10.36
2844,2023-07-03 18:22:12,188.49,9.18
2844,2023-07-03 18:22:20,187.38,11.32
2844,2023-07-03 18:22:21,186.25,10.15
2844,2023-07-03 18:22:26,185.82,11.08
2844,2023-07-03 18:22:28,188.99,8.4
2844,2023-07-03 18:22:33,189.98,14.69
2844,2023-07-03 18:22:35,189.24,6.61
2844,2023-07-03 18:22:44,187.77,9.46
2844,2023-07-03 18:22:53,188.96,7.47
2844,2023-07-03 18:22:54,190.29,9.18
2844,2023-07-03 18:23:01,191.86,8.89
2844,2023-07-03 18:23:04,190.44,11.84
2844,2023-07-03 18:23:07,189.94,7.51
2844,2023-07-03 18:23:08,192.9,10.95
2844,2023-07-03 18:23:14,191.22,12.35
2844,2023-07-03 18:23:18,190.75,10.5
2844,2023-07-03 18:23:19,191.7,9.34
2844,2023-07-03 18:23:20,192.19,11.71
2844,2023-07-03 18:23:27,192.68,10.52
2844,2023-07-03 18:23:33,190.84,9.62
2844,2023-07-03 18:23:34,187.87,7.15
2844,2023-07-03 18:23:38,187.06,12.36
2844,2023-07-03 18:23:40,187.02,8.48
2844,2023-07-03 18:23:43,186.02,10.35
2844,2023-07-03 18:23:47,183.41,6.82
2844,2023-07-03 18:23:48,184.9,10.23
2844,2023-07-03 18:23:52,187.1,6.71
2844,2023-07-03 18:24:01,187.89,10.98
2844,2023-07-03 18:24:03,185.96,10.31
2844,2023-07-03 18:24:03,185.99,12.07
2844,2023-07-03 18:24:10,187.41,9.92
2844,2023-07-03 18:24:12,188.15,6.69
2844,2023-07-03 18:24:18,191.97,10.63
2844,2023-07-03 18:24:21,190.27,8.22
2844,2023-07-03 18:24:28,186.71,12.25
2844,2023-07-03 18:24:35,185.34,10.77
2844,2023-07-03 18:24:44,184.33,9.94
2844,2023-07-03 18:24:50,184.58,9.87
2844,2023-07-03 18:24:51,186.95,6.64
2844,2023-07-03 18:24:52,184.38,10.97
2844,2023-07-03 18:25:00,185.02,9.67
2844,2023-07-03 18:25:04,183.71,9.14
2844,2023-07-03 18:25:10,181.83,12.94
2844,2023-07-03 18:25:13,180.51,9.96
2844,2023-07-03 18:25:15,183.46,12.03
2844,2023-07-03 18:25:24,182.85,5.99
2844,2023-07-03 18:25:30,186.02,4.38
2844,2023-07-03 18:25:33,185.43,8.39
2844,2023-07-03 18:25:34,186.46,14.9
2844,2023-07-03 18:25:36,187.76,9.72
2844,2023-07-03 18:25:38,188.21,9.65
2844,2023-07-03 18:25:40,186.33,8.61
2844,2023-07-03 18:25:44,185.59,9.81
2844,2023-07-03 18:25:50,185.54,8.23
2844,2023-07-03 18:25:53,187.05,12.01
2844,2023-07-03 18:26:00,185.47,5.18
2844,2023-07-03 18:26:01,187.22,13.82
2844,2023-07-03 18:26:06,186.64,10.01
2844,2023-07-03 18:26:11,183.92,7.39
2844,2023-07-03 18:26:13,180.93,8.74
2844,2023-07-03 18:26:20,186.26,9.09
2844,2023-07-03 18:26:21,185.85,10
2844,2023-07-03 18:26:26,184.68,13.74
2844,2023-07-03 18:26:31,183.3,9.86
2844,2023-07-03 18:26:40,184.7,9.93
2844,2023-07-03 18:26:45,186.32,8.52
2844,2023-07-03 18:26:53,181.69,6.5
2844,2023-07-03 18:26:54,183.7,11.62
2844,2023-07-03 18:26:57,180.7,10.5
2844,2023-07-03 18:27:00,183.25,13.04
2844,2023-07-03 18:27:02,184.49,7.71
2844,2023-07-03 18:27:11,187.07,6.34
2844,2023-07-03 18:27:12,189.56,8.96
2844,2023-07-03 18:27:20,193.5,11.9
2844,2023-07-03 18:27:21,196.19,5.46
2844,2023-07-03 18:27:30,198.73,8.83
2844,2023-07-03 18:27:30,199.75,10.65
2844,2023-07-03 18:27:37,197.99,8.63
2844,2023-07-03 18:27:40,200.31,10.13
2844,2023-07-03 18:27:47,199.43,9.04
2844,2023-07-03 18:27:48,194.04,13.08
2844,2023-07-03 18:27:55,194.28,8.11
2844,2023-07-03 18:28:01,195.66,12.63
2844,2023-07-03 18:28:10,198.78,12.33
2844,2023-07-03 18:28:17,195.44,11.71
2844,2023-07-03 18:28:17,195.58,10.45
2844,2023-07-03 18:28:21,192.69,8.56
2844,2023-07-03 18:28:28,193.39,9.18
2844,2023-07-03 18:28:29,194.43,8.97
2844,2023-07-03 18:28:32,195.23,10.62
2844,2023-07-03 18:28:35,194.61,12.69
2844,2023-07-03 18:28:42,193.1,6.36
2844,2023-07-03 18:28:46,189.63,11.82
2844,2023-07-03 18:28:52,187.3,9.63
2844,2023-07-03 18:28:56,190.76,11.14
2844,2023-07-03 18:29:05,191.23,7.26
2844,2023-07-03 18:29:12,191.94,12.57
2844,2023-07-03 18:29:15,191.31,12.25
2844,2023-07-03 18:29:17,192.33,11.57
2844,2023-07-03 18:29:25,193.56,8.88
2844,2023-07-03 18:29:30,193.03,10.94
2844,2023-07-03 18:29:33,194.9,9.52
2844,2023-07-03 18:29:37,197.22,8.03
2844,2023-07-03 18:29:43,194.58,14.78
2844,2023-07-03 18:29:43,195.9,9.06
2844,2023-07-03 18:29:47,198.03,10.86
2844,2023-07-03 18:29:52,197.65,10.57
2844,2023-07-03 18:29:52,195.88,11.71
2844,2023-07-03 18:29:58,194.89,7.1
2844,2023-07-03 18:29:59,190.72,10.52
2844,2023-07-03 18:30:01,191.19,8.13
2844,2023-07-03 18:30:02,192.2,9.2
2844,2023-07-03 18:30:02,192.74,9.64
2844,2023-07-03 18:30:08,190.95,11.51
2844,2023-07-03 18:30:12,191,11.94
2844,2023-07-03 18:30:21,191.49,9.79
2844,2023-07-03 18:30:24,188.51,9.8
2844,2023-07-03 18:30:26,189.8,3.54
2844,2023-07-03 18:30:26,190.55,10.09
2844,2023-07-03 18:30:30,187.72,7.73
2844,2023-07-03 18:30:30,186.4,13.97
2844,2023-07-03 18:30:34,184.21,11.7
2844,2023-07-03 18:30:34,184.15,12.92
2844,2023-07-03 18:30:40,184.28,9.51
2844,2023-07-03 18:30:43,187.84,8.89
2844,2023-07-03 18:30:44,185.87,10.45
2844,2023-07-03 18:30:51,185.58,9.01
2844,2023-07-03 18:30:55,184.75,7.63
2844,2023-07-03 18:30:58,186.81,11.13
2844,2023-07-03 18:31:04,189.15,9.85
2844,2023-07-03 18:31:04,188.78,11.2
2844,2023-07-03 18:31:07,187.04,7.53
2844,2023-07-03 18:31:15,185.68,10.87
2844,2023-07-03 18:31:17,184.58,14.09
2844,2023-07-03 18:31:21,184.45,10.62
2844,2023-07-03 18:31:22,180.97,10.76
2844,2023-07-03 18:31:27,180.83,11.52
2844,2023-07-03 18:31:31,178.94,6.87
2844,2023-07-03 18:31:40,175.79,13.69
2844,2023-07-03 18:31:48,178.38,6.98
2844,2023-07-03 18:31:51,177.09,12.03
2844,2023-07-03 18:31:57,177.83,12.17
2844,2023-07-03 18:31:57,177.83,11.03
2844,2023-07-03 18:31:57,178.29,10.14
2844,2023-07-03 18:31:59,177.18,10.69
2844,2023-07-03 18:32:01,179.04,12.6
2844,2023-07-03 18:32:07,179.59,8.97
2844,2023-07-03 18:32:07,178,13.34
2844,2023-07-03 18:32:08,177.27,8.6
2844,2023-07-03 18:32:13,177.78,10.21
2844,2023-07-03 18:32:21,177.86,9.08
2844,2023-07-03 18:32:27,181.01,6.64
2844,2023-07-03 18:32:31,178.02,10.07
2844,2023-07-03 18:32:33,176.82,10.46
2844,2023-07-03 18:32:39,174.07,7.87
2844,2023-07-03 18:32:45,172.68,8.21
2844,2023-07-03 18:32:45,170.74,7.65
2844,2023-07-03 18:32:45,170.7,9.23
2844,2023-07-03 18:32:47,170.12,8.52
2844,2023-07-03 18:32:53,165.46,7.29
2844,2023-07-03 18:33:02,162.84,11.27
2844,2023-07-03 18:33:10,160.4,5.83
2844,2023-07-03 18:33:18,158.45,12.63
2844,2023-07-03 18:33:24,156.73,7.42
2844,2023-07-03 18:33:28,159.06,7.97
2844,2023-07-03 18:33:31,159.21,13.01
2844,2023-07-03 18:33:33,159.71,9.67
2844,2023-07-03 18:33:36,159.86,8.78
2844,2023-07-03 18:33:36,160.52,11.46
2844,2023-07-03 18:33:36,162.08,9.3
2844,2023-07-03 18:33:36,162.35,10.99
2844,2023-07-03 18:33:45,162.33,7.54
2844,2023-07-03 18:33:52,160.36,11.02
2844,2023-07-03 18:33:58,158.66,9.98
2844,2023-07-03 18:33:59,158.49,6.31
2844,2023-07-03 18:34:08,158.82,10.52
2844,2023-07-03 18:34:13,162.28,9.59
2844,2023-07-03 18:34:16,163.45,9.48
2844,2023-07-03 18:34:20,164.68,10.76
2844,2023-07-03 18:34:27,166.63,11.86
2844,2023-07-03 18:34:28,164.45,13.06
2844,2023-07-03 18:34:35,164.77,9.98
2844,2023-07-03 18:34:42,162.3,8.56
2844,2023-07-03 18:34:51,161.67,8.6
2844,2023-07-03 18:34:58,162.23,13.35
2844,2023-07-03 18:35:06,162.82,11.49
2844,2023-07-03 18:35:11,164,8.43
2844,2023-07-03 18:35:15,163.04,11.56
2844,2023-07-03 18:35:23,161.89,14.24
2844,2023-07-03 18:35:26,162.51,9.87
2844,2023-07-03 18:35:31,163.05,10.16
2844,2023-07-03 18:35:36,162.16,8.69
2844,2023-07-03 18:35:36,162.88,11.12
2844,2023-07-03 18:35:38,160.6,5.89
2844,2023-07-03 18:35:47,159.73,8.46
2844,2023-07-03 18:35:55,159.94,9.54
2844,2023-07-03 18:36:03,159.29,11.5
2844,2023-07-03 18:36:11,161.88,8.44
2844,2023-07-03 18:36:15,160.13,10.68
2844,2023-07-03 18:36:20,162.21,6.83
2844,2023-07-03 18:36:27,163.8,7.28
2844,2023-07-03 18:36:30,164.56,8.88
2844,2023-07-03 18:36:32,164.89,9.2
2844,2023-07-03 18:36:35,165.06,10.66
2844,2023-07-03 18:36:42,166.96,10.46
2844,2023-07-03 18:36:46,169.52,9.18
2844,2023-07-03 18:36:53,171.39,11.17
2844,2023-07-03 18:36:58,168.4,6.8
2844,2023-07-03 18:36:59,168.44,6.9
2844,2023-07-03 18:37:01,165.28,11.92
2844,2023-07-03 18:37:09,165.75,6.64
2844,2023-07-03 18:37:18,166.24,14.15
2844,2023-07-03 18:37:26,166.8,10.15
2844,2023-07-03 18:37:33,166.27,11.07
2844,2023-07-03 18:37:35,163.76,8.78
2844,2023-07-03 18:37:38,162.58,8.94
2844,2023-07-03 18:37:46,163.29,13.99
2844,2023-07-03 18:37:53,164.55,9.79
2844,2023-07-03 18:37:57,165.75,7.77
2844,2023-07-03 18:38:01,164.39,7.24
2844,2023-07-03 18:38:08,165.83,6.85
2844,2023-07-03 18:38:09,164.8,10.56
2844,2023-07-03 18:38:09,166.27,6.68
2844,2023-07-03 18:38:16,163.25,11.79
2844,2023-07-03 18:38:20,165.07,10.18
2844,2023-07-03 18:38:29,167.36,9.83
2844,2023-07-03 18:38:32,167.38,9.64
2844,2023-07-03 18:38:34,168.09,13.96
2844,2023-07-03 18:38:35,167.64,8.77
2844,2023-07-03 18:38:42,169.78,6.84
2844,2023-07-03 18:38:51,169.1,8
2844,2023-07-03 18:38:51,170.66,5.81
2844,2023-07-03 18:38:56,168.54,12.54
2844,2023-07-03 18:39:05,168.59,6.48
2844,2023-07-03 18:39:09,168.19,9.92
2844,2023-07-03 18:39:15,169.87,11.85
2844,2023-07-03 18:39:23,171.1,9.54
2844,2023-07-03 18:39:28,172.32,7.09
2844,2023-07-03 18:39:29,172.04,9.4
2844,2023-07-03 18:39:33,171.11,11.85
2844,2023-07-03 18:39:42,172.02,11.69
2844,2023-07-03 18:39:43,175.44,9.2
2844,2023-07-03 18:39:47,175.56,12.04
2844,2023-07-03 18:39:54,178.32,11
2844,2023-07-03 18:39:58,178.88,12.36
2844,2023-07-03 18:40:07,177.42,9.36
2844,2023-07-03 18:40:07,176.8,12.43
2844,2023-07-03 18:40:16,176.31,8.15
2844,2023-07-03 18:40:20,176.38,5.78
2844,2023-07-03 18:40:20,174.86,12.7
2844,2023-07-03 18:40:22,174.35,12.48
2844,2023-07-03 18:40:27,172.66,11.33
2844,2023-07-03 18:40:33,170.97,9.74
2844,2023-07-03 18:40:36,172.01,11.02
2844,2023-07-03 18:40:39,176.29,5.74
2844,2023-07-03 18:40:39,175.62,8.47
2844,2023-07-03 18:40:41,175.8,9.15
2844,2023-07-03 18:40:42,175.14,8.83
2844,2023-07-03 18:40:42,175.72,11.49
2844,2023-07-03 18:40:43,174.95,12.32
2844,2023-07-03 18:40:44,175.67,11.32
2844,2023-07-03 18:40:47,176.84,10.14
2844,2023-07-03 18:40:54,175.55,9.76
2844,2023-07-03 18:41:01,176.52,11.34
2844,2023-07-03 18:41:09,176.94,10.99
2844,2023-07-03 18:41:17,178.06,11.7
2844,2023-07-03 18:41:21,179.34,7.51
2844,2023-07-03 18:41:29,178.98,7.07
2844,2023-07-03 18:41:35,181.04,10.99
2844,2023-07-03 18:41:39,180.97,12.16
2844,2023-07-03 18:41:44,179.78,11.18
2844,2023-07-03 18:41:45,183.46,9.95
2844,2023-07-03 18:41:51,185.65,10.12
2844,2023-07-03 18:41:54,185.18,8.45
2844,2023-07-03 18:42:02,181.63,9.17
2844,2023-07-03 18:42:03,182.65,6.54
2844,2023-07-03 18:42:12,183.13,12.8
2844,2023-07-03 18:42:13,185.75,10.79
2844,2023-07-03 18:42:18,184.87,9.75
2844,2023-07-03 18:42:24,183.3,6.43
2844,2023-07-03 18:42:25,183.85,12.66
2844,2023-07-03 18:42:31,183.19,9.74
2844,2023-07-03 18:42:37,184.45,10.88
2844,2023-07-03 18:42:42,184.06,9.43
2844,2023-07-03 18:42:43,183.81,9.65
2844,2023-07-03 18:42:48,182.99,12.59
2844,2023-07-03 18:42:48,182.62,8.73
2844,2023-07-03 18:42:55,183.13,10.61
2844,2023-07-03 18:42:59,181.99,6.85
2844,2023-07-03 18:43:08,185.05,11.77
2844,2023-07-03 18:43:12,184.5,8.73
2844,2023-07-03 18:43:16,181.74,11.15
2844,2023-07-03 18:43:22,184.47,10.89
2844,2023-07-03 18:43:30,183.09,7.51
2844,2023-07-03 18:43:34,181.69,7.06
2844,2023-07-03 18:43:39,179.47,8.84
2844,2023-07-03 18:43:42,179.06,9.57
2844,2023-07-03 18:43:48,175.09,9.53
2844,2023-07-03 18:43:52,178.42,11.96
2844,2023-07-03 18:44:01,179.49,9.68
2844,2023-07-03 18:44:02,180.84,10.29
2844,2023-07-03 18:44:07,179.65,10.28
2844,2023-07-03 18:44:08,180.94,8.3
2844,2023-07-03 18:44:14,183.64,9.73
2844,2023-07-03 18:44:18,183.27,10.55
2844,2023-07-03 18:44:18,181.61,7.22
2844,2023-07-03 18:44:22,178.19,13.67
2844,2023-07-03 18:44:23,178.16,12.83
2844,2023-07-03 18:44:29,178.68,13.79
2844,2023-07-03 18:44:32,174.9,10.46
2844,2023-07-03 18:44:37,173.97,13.15
2844,2023-07-03 18:44:45,176.3,10.62
2844,2023-07-03 18:44:49,175.97,8.12
2844,2023-07-03 18:44:50,176.47,7.4
2844,2023-07-03 18:44:55,176.91,8.36
2844,2023-07-03 18:45:04,174.29,9.84
2844,2023-07-03 18:45:05,171.72,11.37
2844,2023-07-03 18:45:12,171.35,8.7
2844,2023-07-03 18:45:14,170.19,13.67
2844,2023-07-03 18:45:20,171.05,6.97
2844,2023-07-03 18:45:24,169.78,6.97
2844,2023-07-03 18:45:29,169.67,9.39
2844,2023-07-03 18:45:29,170.36,7.18
2844,2023-07-03 18:45:37,168.62,10.2
2844,2023-07-03 18:45:39,168.99,12.78
2844,2023-07-03 18:45:45,167.94,10.21
2844,2023-07-03 18:45:54,167.04,9.18
2844,2023-07-03 18:45:54,164.75,7.28
2844,2023-07-03 18:45:59,165.69,7.3
2844,2023-07-03 18:46:05,166.53,7.01
2844,2023-07-03 18:46:06,162.27,9.37
2844,2023-07-03 18:46:09,165.37,7.96
2844,2023-07-03 18:46:12,165.2,6.84
2844,2023-07-03 18:46:16,164.53,10.04
2844,2023-07-03 18:46:18,165.35,10.91
2844,2023-07-03 18:46:19,166.71,9.15
2844,2023-07-03 18:46:26,172.13,10.46
2844,2023-07-03 18:46:33,170.47,10.72
2844,2023-07-03 18:46:39,170.55,11.04
2844,2023-07-03 18:46:47,174.31,13.38
2844,2023-07-03 18:46:47,173.21,8.8
2844,2023-07-03 18:46:55,174.15,12.02
2844,2023-07-03 18:46:55,176.01,7.4
2844,2023-07-03 18:47:00,174.17,13.56
2844,2023-07-03 18:47:06,174.27,10.56
2844,2023-07-03 18:47:08,174.36,7.98
2844,2023-07-03 18:47:11,173.35,11.26
2844,2023-07-03 18:47:14,172.48,11.67
2844,2023-07-03 18:47:16,171.23,8.02
2844,2023-07-03 18:47:20,174.01,11.91
2844,2023-07-03 18:47:28,171.87,9.96
2844,2023-07-03 18:47:36,173.06,10.38
2844,2023-07-03 18:47:45,174.95,7.89
2844,2023-07-03 18:47:54,172.92,9.93
2844,2023-07-03 18:47:59,173.88,9.5
2844,2023-07-03 18:48:08,174.07,11.28
2844,2023-07-03 18:48:15,173.14,7.42
2844,2023-07-03 18:48:17,171.38,10.41
2844,2023-07-03 18:48:20,170.35,7.11
2844,2023-07-03 18:48:27,167.49,7.31
2844,2023-07-03 18:48:34,168.64,10.04
2844,2023-07-03 18:48:34,168.19,10.38
2844,2023-07-03 18:48:39,171.3,7.17
2844,2023-07-03 18:48:46,172.14,7.44
2844,2023-07-03 18:48:50,172.98,11.84
2844,2023-07-03 18:48:56,172.97,9.4
2844,2023-07-03 18:49:02,172.59,11.17
2844,2023-07-03 18:49:08,174.16,11.48
2844,2023-07-03 18:49:09,177.06,10.31
2844,2023-07-03 18:49:09,175.79,10.05
2844,2023-07-03 18:49:12,173.61,11.48
2844,2023-07-03 18:49:20,171.23,9.48
2844,2023-07-03 18:49:26,170.49,7.14
2844,2023-07-03 18:49:27,167.32,10.52
2844,2023-07-03 18:49:34,166.61,9.91
2844,2023-07-03 18:49:43,167.94,10.82
2844,2023-07-03 18:49:45,167.2,9.78
2844,2023-07-03 18:49:51,166.93,7.54
2844,2023-07-03 18:49:53,169.42,11.69
2844,2023-07-03 18:49:55,170.85,7.59
2844,2023-07-03 18:50:01,174.28,9.6
2844,2023-07-03 18:50:08,175.3,11.16
2844,2023-07-03 18:50:15,171.85,11.63
2844,2023-07-03 18:50:21,172.51,10.11
2844,2023-07-03 18:50:27,170.99,7.18
2844,2023-07-03 18:50:36,171.43,7.47
2844,2023-07-03 18:50:40,173.01,10.23
2844,2023-07-03 18:50:43,174.38,10.02
2844,2023-07-03 18:50:51,175.9,8.64
2844,2023-07-03 18:50:54,180.16,10.56
2844,2023-07-03 18:50:58,179.44,11.75
2844,2023-07-03 18:51:01,177.07,9.58
2844,2023-07-03 18:51:10,180.08,13.18
2844,2023-07-03 18:51:18,182.56,8.84
2844,2023-07-03 18:51:21,182.9,7.65
2844,2023-07-03 18:51:26,186.02,9.51
2844,2023-07-03 18:51:26,186.11,4.25
2844,2023-07-03 18:51:35,187.22,7.61
2844,2023-07-03 18:51:40,187.45,10.01
2844,2023-07-03 18:51:41,189.47,8.89
2844,2023-07-03 18:51:44,186.26,12.38
2844,2023-07-03 18:51:49,184.89,8.79
2844,2023-07-03 18:51:57,185.35,12.57
2844,2023-07-03 18:52:00,182.71,7.75
2844,2023-07-03 18:52:07,184.73,9.13
2844,2023-07-03 18:52:09,183.07,10.43
2844,2023-07-03 18:52:17,181.56,10.65
2844,2023-07-03 18:52:24,181.75,10.56
2844,2023-07-03 18:52:33,181.97,12.28
2844,2023-07-03 18:52:41,185.59,10.8
2844,2023-07-03 18:52:43,183.21,10.36
2844,2023-07-03 18:52:46,183.41,8.58
2844,2023-07-03 18:52:46,181.08,9.88
2844,2023-07-03 18:52:54,178.5,10.1
2844,2023-07-03 18:52:57,176.86,9.24
2844,2023-07-03 18:53:02,178.08,11.02
2844,2023-07-03 18:53:06,179.57,8.71
2844,2023-07-03 18:53:06,178.43,9.74
2844,2023-07-03 18:53:13,178.23,10.03
2844,2023-07-03 18:53:15,178.65,8.29
2844,2023-07-03 18:53:22,177.22,9
2844,2023-07-03 18:53:22,177.37,10.75
2844,2023-07-03 18:53:26,179.09,9.09
2844,2023-07-03 18:53:29,183.09,9.53
2844,2023-07-03 18:53:35,183.46,7.24
2844,2023-07-03 18:53:38,181.98,11.38
2844,2023-07-03 18:53:47,181.36,8.97
2844,2023-07-03 18:53:53,181.69,8.81
2844,2023-07-03 18:53:59,180.88,9
2844,2023-07-03 18:54:05,178.63,11.11
2844,2023-07-03 18:54:10,177.15,10.2
2844,2023-07-03 18:54:19,173.59,10.78
2844,2023-07-03 18:54:27,173.77,11.15
2844,2023-07-03 18:54:28,176.08,9.41
2844,2023-07-03 18:54:28,175.93,9.07
2844,2023-07-03 18:54:33,175.49,8.84
2844,2023-07-03 18:54:41,171.83,8.38
2844,2023-07-03 18:54:42,170.29,14.19
2844,2023-07-03 18:54:51,171.45,12.16
2844,2023-07-03 18:54:59,172.14,10.09
2844,2023-07-03 18:54:59,174.34,10.77
2844,2023-07-03 18:55:02,175.59,12.84
2844,2023-07-03 18:55:10,174.11,8.56
2844,2023-07-03 18:55:18,172.98,8.29
2844,2023-07-03 18:55:24,170.84,10.61
2844,2023-07-03 18:55:26,171.08,11.86
2844,2023-07-03 18:55:29,171.25,9.92
2844,2023-07-03 18:55:38,172.31,11.64
2844,2023-07-03 18:55:47,169.54,7.46
2844,2023-07-03 18:55:56,169.7,10.17
2844,2023-07-03 18:55:56,171.24,11.85
2844,2023-07-03 18:56:02,175.49,12.92
2844,2023-07-03 18:56:08,174.94,10.17
2844,2023-07-03 18:56:17,172.41,7.45
2844,2023-07-03 18:56:21,171.6,9.8
2844,2023-07-03 18:56:27,171.9,8.59
2844,2023-07-03 18:56:32,169.56,9.96
2844,2023-07-03 18:56:39,169.76,11.79
2844,2023-07-03 18:56:48,172.69,8.88
2844,2023-07-03 18:56:49,173.57,11.95
2844,2023-07-03 18:56:53,169.82,10.6
2844,2023-07-03 18:56:54,168.17,8.72
2844,2023-07-03 18:57:03,167.85,11.2
2844,2023-07-03 18:57:12,169.45,13.34
2844,2023-07-03 18:57:17,170.44,10.09
2844,2023-07-03 18:57:25,168.63,10.07
2844,2023-07-03 18:57:26,168.85,10.31
2844,2023-07-03 18:57:28,168.96,13.3
2844,2023-07-03 18:57:36,170.8,10.58
2844,2023-07-03 18:57:45,172.21,9.68
2844,2023-07-03 18:57:52,176.11,11.77
2844,2023-07-03 18:58:00,176.4,7.73
2844,2023-07-03 18:58:01,175.26,9.12
2844,2023-07-03 18:58:05,176.78,9.17
2844,2023-07-03 18:58:11,180.13,4.76
2844,2023-07-03 18:58:20,178.63,10.32
2844,2023-07-03 18:58:22,181.4,10.64
2844,2023-07-03 18:58:24,181.48,10.82
2844,2023-07-03 18:58:30,181.39,9.36
2844,2023-07-03 18:58:30,183.06,8.46
2844,2023-07-03 18:58:34,180.96,10.54
2844,2023-07-03 18:58:40,179.2,9.16
2844,2023-07-03 18:58:49,178.56,13.79
2844,2023-07-03 18:58:53,181.99,9.01
2844,2023-07-03 18:58:53,183.08,12.47
2844,2023-07-03 18:59:00,183.26,7.59
2844,2023-07-03 18:59:07,184.63,11.67
2844,2023-07-03 18:59:07,183.65,10.02
2844,2023-07-03 18:59:14,185.69,8.64
2844,2023-07-03 18:59:21,187.48,12.64
2844,2023-07-03 18:59:27,186.87,10.12
2844,2023-07-03 18:59:29,188.16,13.23
2844,2023-07-03 18:59:35,190.55,8.24
2844,2023-07-03 18:59:40,188.46,11.88
2844,2023-07-03 18:59:42,187.36,10.06
2844,2023-07-03 18:59:45,186.33,9.35
2844,2023-07-03 18:59:46,185.42,10.33
2844,2023-07-03 18:59:52,187.26,11.3
2844,2023-07-03 19:00:00,185.61,8.09
2844,2023-07-03 19:00:00,187.48,10.18
2844,2023-07-03 19:00:05,185.36,10.45
2844,2023-07-03 19:00:13,186.75,11.64
2844,2023-07-03 19:00:19,184.54,12.72
2844,2023-07-03 19:00:28,182.98,10.11
2844,2023-07-03 19:00:31,181.07,7.35
2844,2023-07-03 19:00:38,182.48,9.6
2844,2023-07-03 19:00:41,179.75,9.53
2844,2023-07-03 19:00:47,180.92,7.24
2844,2023-07-03 19:00:48,184.96,8.85
2844,2023-07-03 19:00:52,182.11,9.03
2844,2023-07-03 19:00:54,183.32,10.94
2844,2023-07-03 19:00:59,184.98,9.77
2844,2023-07-03 19:00:59,187.75,8.35
2844,2023-07-03 19:01:04,187.14,11.06
2844,2023-07-03 19:01:11,185.27,8.41
2844,2023-07-03 19:01:16,183.58,9.71
2844,2023-07-03 19:01:23,183.04,10.81
2844,2023-07-03 19:01:25,182.22,10.81
2844,2023-07-03 19:01:25,182.48,10.38
2844,2023-07-03 19:01:34,184.01,13.58
2844,2023-07-03 19:01:41,181.85,10.59
2844,2023-07-03 19:01:43,181.9,10.12
2844,2023-07-03 19:01:50,181.68,7.38
2844,2023-07-03 19:01:58,182.19,10.57
2844,2023-07-03 19:01:59,181.88,9.88
2844,2023-07-03 19:02:04,183.19,11
2844,2023-07-03 19:02:11,180.58,8.81
2844,2023-07-03 19:02:18,181.21,13.9
2844,2023-07-03 19:02:20,183.38,11.12
2844,2023-07-03 19:02:25,181.32,9.93
2844,2023-07-03 19:02:30,182.39,12.32
2844,2023-07-03 19:02:35,183.13,4.25
2844,2023-07-03 19:02:43,180.08,11.91
2844,2023-07-03 19:02:44,179.51,7.14
2844,2023-07-03 19:02:45,183.85,10.06
2844,2023-07-03 19:02:54,184.42,11.25
2844,2023-07-03 19:02:58,185.29,8.9
2844,2023-07-03 19:03:00,186.35,8.83
2844,2023-07-03 19:03:04,185,8.81
2844,2023-07-03 19:03:10,187.32,8.47
2844,2023-07-03 19:03:16,186.84,12.67
2844,2023-07-03 19:03:23,188.1,13.02
2844,2023-07-03 19:03:30,189.43,12.3
2844,2023-07-03 19:03:34,188.95,9.01
2844,2023-07-03 19:03:37,185.87,11.82
2844,2023-07-03 19:03:44,188.42,10.12
2844,2023-07-03 19:03:51,186.2,13.47
2844,2023-07-03 19:03:59,185.38,14.35
2844,2023-07-03 19:04:07,186.25,10.76
2844,2023-07-03 19:04:07,184.4,8.85
2844,2023-07-03 19:04:13,180.62,10.93
2844,2023-07-03 19:04:18,181.85,5.27
2844,2023-07-03 19:04:22,180.91,10.82
2844,2023-07-03 19:04:24,185.04,10.08
2844,2023-07-03 19:04:32,188.57,13.64
2844,2023-07-03 19:04:34,189.69,9.02
2844,2023-07-03 19:04:38,191.79,10.21
2844,2023-07-03 19:04:46,192.58,4.38
2844,2023-07-03 19:04:47,188.38,12.8
2844,2023-07-03 19:04:50,189.09,9.15
2844,2023-07-03 19:04:58,186.84,9.35
2844,2023-07-03 19:05:00,188.82,8.84
2844,2023-07-03 19:05:04,189.62,8.03
2844,2023-07-03 19:05:10,189.09,9.23
2844,2023-07-03 19:05:11,190.43,12.71
2844,2023-07-03 19:05:18,188.33,7.5
2844,2023-07-03 19:05:23,187.86,10.48
2844,2023-07-03 19:05:23,188.06,14.5
2844,2023-07-03 19:05:28,186.07,9.16
2844,2023-07-03 19:05:28,186.21,9.23
2844,2023-07-03 19:05:37,188.94,9.26
2844,2023-07-03 19:05:40,193.24,5.28
2844,2023-07-03 19:05:44,193.29,8.6
2844,2023-07-03 19:05:52,189.19,11.57
2844,2023-07-03 19:06:00,191.27,10.85
2844,2023-07-03 19:06:00,188.57,8.49
2844,2023-07-03 19:06:08,193.03,7.78
2844,2023-07-03 19:06:10,193.75,7.74
2844,2023-07-03 19:06:13,193.31,4.63
2844,2023-07-03 19:06:20,193.48,8.26
2844,2023-07-03 19:06:24,191.94,12.01
2844,2023-07-03 19:06:31,192.29,9.53
2844,2023-07-03 19:06:35,191.89,9.91
2844,2023-07-03 19:06:36,194.69,7.56
2844,2023-07-03 19:06:45,197.06,12.88
2844,2023-07-03 19:06:47,198.68,6.99
2844,2023-07-03 19:06:53,200.11,8.53
2844,2023-07-03 19:06:58,200.96,12.78
2844,2023-07-03 19:07:05,201.71,7.11
2844,2023-07-03 19:07:07,202.89,11.21
2844,2023-07-03 19:07:12,203.03,8.35
2844,2023-07-03 19:07:17,203.15,8.07
2844,2023-07-03 19:07:23,202.15,11.7
2844,2023-07-03 19:07:25,201.78,8.53
2844,2023-07-03 19:07:25,203.06,7.75
2844,2023-07-03 19:07:30,198.89,7.1
2844,2023-07-03 19:07:32,197.44,12.95
2844,2023-07-03 19:07:40,195.32,11.87
2844,2023-07-03 19:07:43,192.82,9.71
2844,2023-07-03 19:07:44,191.59,12.37
2844,2023-07-03 19:07:50,190.4,9.64
2844,2023-07-03 19:07:59,191.95,5.97
2844,2023-07-03 19:08:00,196.37,9.85
2844,2023-07-03 19:08:00,193.62,11.14
2844,2023-07-03 19:08:02,194.08,10.31
2844,2023-07-03 19:08:07,191.02,10.94
2844,2023-07-03 19:08:07,188.99,11.31
2844,2023-07-03 19:08:10,191.87,7.48
2844,2023-07-03 19:08:13,193.54,13.6
2844,2023-07-03 19:08:20,193.12,11.25
2844,2023-07-03 19:08:27,194.71,9.75
2844,2023-07-03 19:08:34,196.32,12.02
2844,2023-07-03 19:08:35,194.55,7.92
2844,2023-07-03 19:08:38,195.06,9.7
2844,2023-07-03 19:08:47,198.22,8.81
2844,2023-07-03 19:08:55,193.92,10.26
2844,2023-07-03 19:09:00,197.74,7.88
2844,2023-07-03 19:09:09,201.34,9.53
2844,2023-07-03 19:09:13,201.97,12.04
2844,2023-07-03 19:09:17,198.74,5.69
2844,2023-07-03 19:09:17,197.48,6.99
2844,2023-07-03 19:09:22,196.81,12.86
2844,2023-07-03 19:09:29,193.72,10.74
2844,2023-07-03 19:09:31,194.65,11.88
2844,2023-07-03 19:09:35,196.38,6.66
2844,2023-07-03 19:09:41,197.43,10.59
2844,2023-07-03 19:09:50,196.27,8.79
2844,2023-07-03 19:09:58,200.54,9.66
2844,2023-07-03 19:10:04,200.43,9.37
2844,2023-07-03 19:10:12,198.98,10.27
2844,2023-07-03 19:10:18,201.32,9.07
2844,2023-07-03 19:10:23,202.28,11.78
2844,2023-07-03 19:10:27,205.44,8.51
2844,2023-07-03 19:10:31,205.21,9.1
2844,2023-07-03 19:10:33,204.91,11.29
2844,2023-07-03 19:10:40,205.55,12.44
2844,2023-07-03 19:10:48,205.89,11.38
2844,2023-07-03 19:10:50,206.94,9.85
2844,2023-07-03 19:10:59,205.3,12.4
2844,2023-07-03 19:11:08,203.33,9.97
2844,2023-07-03 19:11:10,204.65,14.74
2844,2023-07-03 19:11:16,204.45,10.67
2844,2023-07-03 19:11:25,205.82,10.62
2844,2023-07-03 19:11:30,206.49,13.8
2844,2023-07-03 19:11:34,208.44,7.4
2844,2023-07-03 19:11:41,209.51,8.92
2844,2023-07-03 19:11:48,211.61,9.48
2844,2023-07-03 19:11:54,212.75,13.17
2844,2023-07-03 19:12:03,218.61,10.29
2844,2023-07-03 19:12:03,221.6,10.14
2844,2023-07-03 19:12:09,222.16,8.48
2844,2023-07-03 19:12:14,224.52,10.11
2844,2023-07-03 19:12:14,223.27,9.31
2844,2023-07-03 19:12:23,223.82,8.74
2844,2023-07-03 19:12:26,224.79,11.29
2844,2023-07-03 19:12:35,226.23,9.75
2844,2023-07-03 19:12:40,228.4,8.72
2844,2023-07-03 19:12:43,231.13,7.49
2844,2023-07-03 19:12:50,230.94,10.02
2844,2023-07-03 19:12:51,229.8,10.55
2844,2023-07-03 19:13:00,231.13,5.87
2844,2023-07-03 19:13:01,227.21,10.78
2844,2023-07-03 19:13:05,228.31,9.52
2844,2023-07-03 19:13:11,230.29,11.33
2844,2023-07-03 19:13:20,228.07,11.06
2844,2023-07-03 19:13:26,226.46,11.5
2844,2023-07-03 19:13:35,224.57,12.66
2844,2023-07-03 19:13:37,231.01,11.68
2844,2023-07-03 19:13:43,230.59,8.57
2844,2023-07-03 19:13:49,229.38,6.85
2844,2023-07-03 19:13:54,229.46,7.87
2844,2023-07-03 19:14:01,233.28,11.47
2844,2023-07-03 19:14:07,232.34,9.86
2844,2023-07-03 19:14:13,230.5,12.84
2844,2023-07-03 19:14:20,232.19,9.77
2844,2023-07-03 19:14:22,229.31,9.89
2844,2023-07-03 19:14:30,230.79,11.89
2844,2023-07-03 19:14:30,231.81,13
2844,2023-07-03 19:14:30,229.52,11.23
2844,2023-07-03 19:14:31,230.02,8.79
2844,2023-07-03 19:14:40,228.49,13.13
2844,2023-07-03 19:14:45,228.45,9.99
2844,2023-07-03 19:14:52,232.45,8.42
2844,2023-07-03 19:14:53,232.37,8.63
2844,2023-07-03 19:14:57,231.72,11.18
2844,2023-07-03 19:15:06,231.01,6.09
2844,2023-07-03 19:15:14,230.64,8.45
2844,2023-07-03 19:15:18,230.82,7.96
2844,2023-07-03 19:15:24,234.84,9.74
2844,2023-07-03 19:15:30,233.86,10.55
2844,2023-07-03 19:15:33,234.77,10.15
2844,2023-07-03 19:15:40,234.46,11.73
2844,2023-07-03 19:15:43,231.49,7.29
2844,2023-07-03 19:15:49,230.57,5.91
2844,2023-07-03 19:15:52,231.39,10.34
2844,2023-07-03 19:15:52,230.14,13.98
2844,2023-07-03 19:15:55,229.71,7.76
2844,2023-07-03 19:15:55,229.9,6.07
2844,2023-07-03 19:15:58,230.55,7.13
2844,2023-07-03 19:16:00,232.31,13.01
2844,2023-07-03 19:16:03,232.17,8.38
2844,2023-07-03 19:16:12,233.68,12.81
2844,2023-07-03 19:16:20,233.71,8.27
2844,2023-07-03 19:16:25,229.38,12.49
2844,2023-07-03 19:16:31,230.13,8.12
2844,2023-07-03 19:16:34,230.19,12.7
2844,2023-07-03 19:16:41,226.84,11.64
2844,2023-07-03 19:16:41,225.81,8.89
2844,2023-07-03 19:16:47,226.9,8.06
2844,2023-07-03 19:16:50,226.09,10.46
2844,2023-07-03 19:16:56,223.23,6.94
2844,2023-07-03 19:17:02,223.63,9.4
2844,2023-07-03 19:17:11,220.87,11.12
2844,2023-07-03 19:17:15,223.47,8.81
2844,2023-07-03 19:17:19,222.53,5.75
2844,2023-07-03 19:17:19,221.42,10.97
2844,2023-07-03 19:17:20,219.97,9.11
2844,2023-07-03 19:17:28,223.19,10.29
2844,2023-07-03 19:17:29,223.57,9.76
2844,2023-07-03 19:17:37,226.64,10.28
2844,2023-07-03 19:17:46,232.08,9.18
2844,2023-07-03 19:17:46,230.84,11.27
2844,2023-07-03 19:17:50,238.15,9.74
2844,2023-07-03 19:17:50,238.08,7.88
2844,2023-07-03 19:17:51,240.78,12.7
2844,2023-07-03 19:17:53,241.97,13.99
2844,2023-07-03 19:17:56,245.46,11.5
2844,2023-07-03 19:18:02,247.04,11.19
2844,2023-07-03 19:18:09,248.55,7.85
2844,2023-07-03 19:18:12,250.15,10.89
2844,2023-07-03 19:18:17,253.95,8.77
2844,2023-07-03 19:18:26,253.49,8.95
2844,2023-07-03 19:18:28,253.77,9.62
2844,2023-07-03 19:18:34,252.91,12.71
2844,2023-07-03 19:18:37,253.01,8.89
2844,2023-07-03 19:18:43,255.25,9.69
2844,2023-07-03 19:18:50,254.57,8.95
2844,2023-07-03 19:18:55,255.13,13.11
2844,2023-07-03 19:18:57,253,13.85
2844,2023-07-03 19:18:58,248.37,7.03
2844,2023-07-03 19:19:07,246.8,11.59
2844,2023-07-03 19:19:12,248.02,10.83
2844,2023-07-03 19:19:15,250.51,9.23
2844,2023-07-03 19:19:21,252.34,7
2844,2023-07-03 19:19:26,252.59,10.34
2844,2023-07-03 19:19:28,251.6,9.81
2844,2023-07-03 19:19:35,251.86,7.97
2844,2023-07-03 19:19:43,252.23,10.28
2844,2023-07-03 19:19:49,249.59,8.2
2844,2023-07-03 19:19:50,250.07,7.86
2844,2023-07-03 19:19:59,257.18,12.6
2844,2023-07-03 19:20:05,257.04,13.68
2844,2023-07-03 19:20:10,259.95,10.51
2844,2023-07-03 19:20:14,264.86,5.29
2844,2023-07-03 19:20:16,267.45,10.46
2844,2023-07-03 19:20:16,269.49,7.71
2844,2023-07-03 19:20:16,270.48,11.81
2844,2023-07-03 19:20:24,268.48,6.41
2844,2023-07-03 19:20:26,265.92,10.52
2844,2023-07-03 19:20:32,270.01,10.4
2844,2023-07-03 19:20:35,266.15,11.07
2844,2023-07-03 19:20:43,265.62,9.21
2844,2023-07-03 19:20:50,268.17,11.81
2844,2023-07-03 19:20:53,268.02,10.63
2844,2023-07-03 19:20:55,268.62,10.8
2844,2023-07-03 19:21:01,266.96,10.79
2844,2023-07-03 19:21:09,266.52,7.78
2844,2023-07-03 19:21:14,265.33,11.22
2844,2023-07-03 19:21:17,264.27,13.97
2844,2023-07-03 19:21:24,266.58,11.63
2844,2023-07-03 19:21:31,270.64,13.51
2844,2023-07-03 19:21:38,276.43,8.38
2844,2023-07-03 19:21:45,279.89,6.56
2844,2023-07-03 19:21:53,277.58,11.81
2844,2023-07-03 19:21:56,272.81,10.66
2844,2023-07-03 19:21:58,277.01,9.76
2844,2023-07-03 19:21:59,280.75,12.19
2844,2023-07-03 19:22:01,285.58,9.36
2844,2023-07-03 19:22:06,286.98,9.42
2844,2023-07-03 19:22:11,281.67,10.49
2844,2023-07-03 19:22:19,280.85,12.71
2844,2023-07-03 19:22:20,286.23,8.53
2844,2023-07-03 19:22:24,287.57,5.56
2844,2023-07-03 19:22:30,287.44,10.92
2844,2023-07-03 19:22:34,286.97,12.15
2844,2023-07-03 19:22:38,282.45,12.86
2844,2023-07-03 19:22:39,284.6,10.41
2844,2023-07-03 19:22:47,284.71,9.77
2844,2023-07-03 19:22:53,280.62,8.4
2844,2023-07-03 19:23:02,273.99,7.08
2844,2023-07-03 19:23:04,275.75,8.31
2844,2023-07-03 19:23:07,278.96,8.51
2844,2023-07-03 19:23:08,279.57,10.12
2844,2023-07-03 19:23:13,273.34,9.49
2844,2023-07-03 19:23:17,278.96,9.1
2844,2023-07-03 19:23:21,281.75,8.67
2844,2023-07-03 19:23:30,283.51,9.47
2844,2023-07-03 19:23:37,286.08,10.72
2844,2023-07-03 19:23:41,290.3,12.45
2844,2023-07-03 19:23:41,287.46,8.16
2844,2023-07-03 19:23:49,284.33,7.82
2844,2023-07-03 19:23:57,282.15,11.26
2844,2023-07-03 19:24:00,280.75,9.75
2844,2023-07-03 19:24:02,284.46,12.08
2844,2023-07-03 19:24:02,285.53,6.71
2844,2023-07-03 19:24:05,285.98,10.29
2844,2023-07-03 19:24:10,287.76,6.83
2844,2023-07-03 19:24:18,282.09,8.02
2844,2023-07-03 19:24:22,281.23,10.05
2844,2023-07-03 19:24:23,280.33,10.89
2844,2023-07-03 19:24:25,277.63,10.95
2844,2023-07-03 19:24:26,268.94,11.29
2844,2023-07-03 19:24:26,276.42,6.73
2844,2023-07-03 19:24:27,274.47,7.76
2844,2023-07-03 19:24:36,276.05,9.07
2844,2023-07-03 19:24:40,277.57,8.18
2844,2023-07-03 19:24:46,278.82,11.53
2844,2023-07-03 19:24:51,277.84,11.82
2844,2023-07-03 19:24:56,274.56,7.4
2844,2023-07-03 19:24:56,276.09,6.81
2844,2023-07-03 19:24:58,275.29,11.03
2844,2023-07-03 19:25:06,278.58,8.22
2844,2023-07-03 19:25:08,272.22,9.32
2844,2023-07-03 19:25:12,271.83,10.64
2844,2023-07-03 19:25:20,271.32,11.09
2844,2023-07-03 19:25:26,270.56,14.27
2844,2023-07-03 19:25:29,272.96,10.07
2844,2023-07-03 19:25:38,270.41,8.67
2844,2023-07-03 19:25:39,264.79,12.6
2844,2023-07-03 19:25:45,266.58,8.78
2844,2023-07-03 19:25:54,264.71,10.36
2844,2023-07-03 19:25:56,266.89,8.9
2844,2023-07-03 19:26:04,268.78,10.45
2844,2023-07-03 19:26:12,267.18,9.47
2844,2023-07-03 19:26:18,268.53,10.59
2844,2023-07-03 19:26:24,267.05,7.75
2844,2023-07-03 19:26:31,260.41,9.6
2844,2023-07-03 19:26:33,260.5,4.57
2844,2023-07-03 19:26:39,253.73,10.74
2844,2023-07-03 19:26:46,258.09,9.1
2844,2023-07-03 19:26:51,260.18,10.36
2844,2023-07-03 19:26:59,262.66,9.47
2844,2023-07-03 19:27:07,265.8,9.18
2844,2023-07-03 19:27:12,266.43,11.97
2844,2023-07-03 19:27:14,264.96,12.45
2844,2023-07-03 19:27:18,261.45,10.29
2844,2023-07-03 19:27:21,263.63,13.14
2844,2023-07-03 19:27:24,264.73,6.56
2844,2023-07-03 19:27:25,264.41,10.32
2844,2023-07-03 19:27:27,261.68,9.77
2844,2023-07-03 19:27:30,261.56,13.46
2844,2023-07-03 19:27:30,258.08,9.18
2844,2023-07-03 19:27:36,260.89,8.1
2844,2023-07-03 19:27:44,265.01,12.43
2844,2023-07-03 19:27:45,265.53,10.4
2844,2023-07-03 19:27:50,262.29,10.93
2844,2023-07-03 19:27:54,267.89,9.16
2844,2023-07-03 19:28:00,264.68,10.18
2844,2023-07-03 19:28:08,266.42,8.37
2844,2023-07-03 19:28:08,268.45,5.29
2844,2023-07-03 19:28:15,263.21,9.75
2844,2023-07-03 19:28:24,262.13,9.69
2844,2023-07-03 19:28:30,260.41,9.73
2844,2023-07-03 19:28:33,259.9,11.12
2844,2023-07-03 19:28:38,257.66,10.23
2844,2023-07-03 19:28:42,261.7,9.91
2844,2023-07-03 19:28:49,263.1,10.89
2844,2023-07-03 19:28:53,259.39,10.96
2844,2023-07-03 19:28:58,256.69,10.15
2844,2023-07-03 19:28:58,256.45,14.13
2844,2023-07-03 19:29:05,255,11.09
2844,2023-07-03 19:29:10,255.29,10.61
2844,2023-07-03 19:29:17,253.65,10.41
2844,2023-07-03 19:29:25,251.36,9.4
2844,2023-07-03 19:29:32,252.86,11.26
2844,2023-07-03 19:29:38,252.6,8.23
2844,2023-07-03 19:29:47,254.65,8.74
2844,2023-07-03 19:29:51,253.85,9.74
2844,2023-07-03 19:29:57,249.69,10.48
2844,2023-07-03 19:30:00,250.94,10.61
2844,2023-07-03 19:30:07,249.98,8.02
2844,2023-07-03 19:30:14,251.81,10.49
2844,2023-07-03 19:30:20,249.55,9.53
2844,2023-07-03 19:30:23,250.12,4.47
2844,2023-07-03 19:30:32,252.27,5.76
2844,2023-07-03 19:30:35,251.04,11.86
2844,2023-07-03 19:30:37,251.56,15.05
2844,2023-07-03 19:30:38,249.73,9.12
2844,2023-07-03 19:30:45,250.41,7.75
2844,2023-07-03 19:30:49,250.25,9.63
2844,2023-07-03 19:30:56,252.83,10.5
2844,2023-07-03 19:31:05,251.79,12.74
2844,2023-07-03 19:31:07,252.82,9.83
2844,2023-07-03 19:31:10,255.08,12.42
2844,2023-07-03 19:31:12,254.47,11.26
2844,2023-07-03 19:31:17,256.07,6.5
2844,2023-07-03 19:31:20,259.4,10.87
2844,2023-07-03 19:31:27,260.02,6.97
2844,2023-07-03 19:31:27,261.51,9.89
2844,2023-07-03 19:31:36,260.71,10.1
2844,2023-07-03 19:31:44,262.57,11.92
2844,2023-07-03 19:31:46,259.37,12.14
2844,2023-07-03 19:31:48,256.83,9.3
2844,2023-07-03 19:31:49,256.28,10.18
2844,2023-07-03 19:31:58,257.72,8.24
2844,2023-07-03 19:32:03,255.46,10.99
2844,2023-07-03 19:32:08,255.49,9.23
2844,2023-07-03 19:32:14,251.23,10.44
2844,2023-07-03 19:32:16,252.63,11.09
2844,2023-07-03 19:32:16,250.9,6.83
2844,2023-07-03 19:32:21,252.81,9.17
2844,2023-07-03 19:32:23,251.98,8.29
2844,2023-07-03 19:32:28,252.53,12.38
2844,2023-07-03 19:32:36,249.19,9.62
2844,2023-07-03 19:32:40,250.22,9.51
2844,2023-07-03 19:32:48,250.33,12.72
2844,2023-07-03 19:32:57,249.27,9.28
2844,2023-07-03 19:33:01,248.38,8.04
2844,2023-07-03 19:33:09,252.61,9.61
2844,2023-07-03 19:33:15,256.32,8.03
2844,2023-07-03 19:33:16,257.73,11.96
2844,2023-07-03 19:33:22,257.5,10.93
2844,2023-07-03 19:33:26,256.71,9.95
2844,2023-07-03 19:33:30,254.62,7.33
2844,2023-07-03 19:33:32,254.89,13.24
2844,2023-07-03 19:33:36,252.2,5.31
2844,2023-07-03 19:33:39,248.55,7.18
2844,2023-07-03 19:33:44,246.73,9.54
2844,2023-07-03 19:33:46,247.84,12.53
2844,2023-07-03 19:33:48,242.75,11.42
2844,2023-07-03 19:33:54,240.15,13.49
2844,2023-07-03 19:33:56,240.21,10.75
2844,2023-07-03 19:33:59,237.58,11.47
2844,2023-07-03 19:34:06,236.27,11.44
2844,2023-07-03 19:34:10,239.72,12.3
2844,2023-07-03 19:34:19,241.94,10.45
2844,2023-07-03 19:34:22,247.2,9.8
2844,2023-07-03 19:34:29,248.36,10.41
2844,2023-07-03 19:34:31,246.91,9.43
2844,2023-07-03 19:34:33,245.18,8.37
2844,2023-07-03 19:34:40,244.37,7.21
2844,2023-07-03 19:34:42,247.43,10.15
2844,2023-07-03 19:34:42,248.4,8.54
2844,2023-07-03 19:34:46,243.97,8.51
2844,2023-07-03 19:34:47,245.38,6.28
2844,2023-07-03 19:34:48,243.1,10.15
2844,2023-07-03 19:34:49,241.48,8.47
2844,2023-07-03 19:34:55,237.77,8.58
2844,2023-07-03 19:35:01,235.63,9.24
2844,2023-07-03 19:35:10,236.45,11.64
2844,2023-07-03 19:35:14,238.49,8.03
2844,2023-07-03 19:35:14,238.6,8.63
2844,2023-07-03 19:35:19,237.26,9.47
2844,2023-07-03 19:35:27,231.53,12.89
2844,2023-07-03 19:35:34,230.69,11.84
2844,2023-07-03 19:35:41,232.41,10.24
2844,2023-07-03 19:35:49,229.16,12.29
2844,2023-07-03 19:35:57,231.19,10.53
2844,2023-07-03 19:35:57,228.9,9.39
2844,2023-07-03 19:36:05,229.01,10.72
2844,2023-07-03 19:36:09,228.14,7.7
2844,2023-07-03 19:36:10,226.1,9.75
2844,2023-07-03 19:36:12,228.74,8.64
2844,2023-07-03 19:36:18,226.45,10.73
2844,2023-07-03 19:36:25,227.55,14.31
2844,2023-07-03 19:36:32,229.91,10.07
2844,2023-07-03 19:36:35,230.73,8.19
2844,2023-07-03 19:36:43,228.16,8.82
2844,2023-07-03 19:36:46,228.45,6.67
2844,2023-07-03 19:36:49,228.42,13.41
2844,2023-07-03 19:36:53,224.43,8.55
2844,2023-07-03 19:37:01,223.14,11.57
2844,2023-07-03 19:37:04,222.07,7.13
2844,2023-07-03 19:37:07,219.04,11.91
2844,2023-07-03 19:37:10,217.56,8.57
2844,2023-07-03 19:37:12,217.9,11.39
2844,2023-07-03 19:37:20,217.72,8.83
2844,2023-07-03 19:37:26,221.4,6.68
2844,2023-07-03 19:37:28,221.78,5.85
2844,2023-07-03 19:37:28,221.95,10.34
2844,2023-07-03 19:37:35,221.86,7.25
2844,2023-07-03 19:37:43,221.38,10.3
2844,2023-07-03 19:37:47,224.26,10.3
2844,2023-07-03 19:37:55,222.71,12.15
2844,2023-07-03 19:37:56,223.56,14.63
2844,2023-07-03 19:38:01,223.15,11.47
2844,2023-07-03 19:38:07,224.29,12.01
2844,2023-07-03 19:38:07,221.18,10.78
2844,2023-07-03 19:38:07,220.37,12.89
2844,2023-07-03 19:38:16,219.32,10.86
2844,2023-07-03 19:38:17,221.49,10.42
2844,2023-07-03 19:38:19,225.02,8.9
2844,2023-07-03 19:38:22,228.44,11.3
2844,2023-07-03 19:38:25,228.23,10.35
2844,2023-07-03 19:38:27,232.65,10.1
2844,2023-07-03 19:38:35,235.18,9.76
2844,2023-07-03 19:38:44,231.24,6.38
2844,2023-07-03 19:38:51,228.94,11.64
2844,2023-07-03 19:38:57,231.04,6.54
2844,2023-07-03 19:39:04,230.1,7.7
2844,2023-07-03 19:39:04,231.66,9.88
2844,2023-07-03 19:39:12,233.12,8.87
2844,2023-07-03 19:39:13,231.4,7.14
2844,2023-07-03 19:39:22,234.32,9
2844,2023-07-03 19:39:25,233.47,11.41
2844,2023-07-03 19:39:33,232.4,7.92
2844,2023-07-03 19:39:37,233.04,11.82
2844,2023-07-03 19:39:40,232.52,11.99
2844,2023-07-03 19:39:42,232,11.03
2844,2023-07-03 19:39:50,225.52,11.74
2844,2023-07-03 19:39:53,226.38,10
2844,2023-07-03 19:39:57,224.71,11.46
2844,2023-07-03 19:40:06,223.41,9.11
2844,2023-07-03 19:40:06,224.24,7.54
2844,2023-07-03 19:40:08,223.89,7.56
2844,2023-07-03 19:40:15,227.18,9.89
2844,2023-07-03 19:40:20,226.72,12.51
2844,2023-07-03 19:40:24,225.75,10.5
2844,2023-07-03 19:40:31,223.37,9.34
2844,2023-07-03 19:40:32,219.84,9.53
2844,2023-07-03 19:40:35,219.59,11.36
2844,2023-07-03 19:40:37,221.19,8.79
2844,2023-07-03 19:40:39,220.13,10.38
2844,2023-07-03 19:40:39,221.91,11.72
2844,2023-07-03 19:40:46,224.27,7.73
2844,2023-07-03 19:40:48,222.24,12
2844,2023-07-03 19:40:53,221.01,9.61
2844,2023-07-03 19:40:57,224.2,8.42
2844,2023-07-03 19:41:06,219.16,10.95
2844,2023-07-03 19:41:13,216.85,10.11
2844,2023-07-03 19:41:14,214.85,6.73
2844,2023-07-03 19:41:16,214.13,8.54
2844,2023-07-03 19:41:19,215.94,10.92
2844,2023-07-03 19:41:25,215.66,7.52
2844,2023-07-03 19:41:28,214.37,10.81
2844,2023-07-03 19:41:37,212.28,9.79
2844,2023-07-03 19:41:40,214.4,6.76
2844,2023-07-03 19:41:44,215.73,10.57
2844,2023-07-03 19:41:50,212.43,10.08
2844,2023-07-03 19:41:52,214.71,9.76
2844,2023-07-03 19:41:58,212.72,7.73
2844,2023-07-03 19:42:04,214.32,10.84
2844,2023-07-03 19:42:11,219.21,8.86
2844,2023-07-03 19:42:20,221.1,8.47
2844,2023-07-03 19:42:28,220.5,9.11
2844,2023-07-03 19:42:34,222.97,7.76
2844,2023-07-03 19:42:41,228.33,7.11
2844,2023-07-03 19:42:42,226.77,9.36
2844,2023-07-03 19:42:45,227.74,9.25
2844,2023-07-03 19:42:50,226.13,9.45
2844,2023-07-03 19:42:58,227.77,7.79
2844,2023-07-03 19:43:00,226.66,15.2
2844,2023-07-03 19:43:03,226.99,11.31
2844,2023-07-03 19:43:11,226.64,14.74
2844,2023-07-03 19:43:17,225.1,7.34
2844,2023-07-03 19:43:26,224.7,10.22
2844,2023-07-03 19:43:29,227.75,9.85
2844,2023-07-03 19:43:30,226.71,8.16
2844,2023-07-03 19:43:38,223.26,11.21
2844,2023-07-03 19:43:38,223.33,12.25
2844,2023-07-03 19:43:41,220.38,7
2844,2023-07-03 19:43:43,216.22,11.28
2844,2023-07-03 19:43:52,213.07,6.28
2844,2023-07-03 19:43:56,214.83,6.83
2844,2023-07-03 19:43:56,213.42,10.28
2844,2023-07-03 19:44:04,215.33,10.3
2844,2023-07-03 19:44:08,217.65,10.86
2844,2023-07-03 19:44:10,217.83,13.58
2844,2023-07-03 19:44:16,215.3,9.7
2844,2023-07-03 19:44:23,212.51,8.38
2844,2023-07-03 19:44:28,210.51,9.1
2844,2023-07-03 19:44:34,215.43,10.77
2844,2023-07-03 19:44:43,213.89,11.28
2844,2023-07-03 19:44:49,210.25,9.01
2844,2023-07-03 19:44:52,212.46,8.32
2844,2023-07-03 19:44:52,216.12,10.2
2844,2023-07-03 19:44:59,216.38,12.46
2844,2023-07-03 19:45:08,215.29,8.46
2844,2023-07-03 19:45:14,214.14,7.39
2844,2023-07-03 19:45:20,212.32,12.93
2844,2023-07-03 19:45:22,213.92,5.1
2844,2023-07-03 19:45:27,215.74,12.02
2844,2023-07-03 19:45:30,216.4,9.45
2844,2023-07-03 19:45:34,215.93,12.14
2844,2023-07-03 19:45:35,219.75,8.64
2844,2023-07-03 19:45:42,218.51,7.04
2844,2023-07-03 19:45:42,217.42,9.39
2844,2023-07-03 19:45:50,213.91,7.37
2844,2023-07-03 19:45:54,216.87,7.55
2844,2023-07-03 19:45:58,217.52,9.09
2844,2023-07-03 19:45:59,219.49,10.29
2844,2023-07-03 19:46:04,215.75,11.08
2844,2023-07-03 19:46:13,216.53,11.06
2844,2023-07-03 19:46:22,217.03,10.1
2844,2023-07-03 19:46:24,216.64,10.8
2844,2023-07-03 19:46:31,215.97,9.13
2844,2023-07-03 19:46:39,214.19,9.6
2844,2023-07-03 19:46:39,213.92,7.68
2844,2023-07-03 19:46:47,213.47,11.39
2844,2023-07-03 19:46:56,212.85,5.99
2844,2023-07-03 19:46:57,215.38,6.97
2844,2023-07-03 19:46:57,218.38,8.03
2844,2023-07-03 19:47:02,217.55,7.68
2844,2023-07-03 19:47:03,216.65,8.97
2844,2023-07-03 19:47:04,219.08,5.63
2844,2023-07-03 19:47:05,217.31,9.83
2844,2023-07-03 19:47:11,221.09,7.97
2844,2023-07-03 19:47:16,221.52,11.86
2844,2023-07-03 19:47:19,222.02,9.26
2844,2023-07-03 19:47:23,218.97,10.44
2844,2023-07-03 19:47:25,219.82,8.53
2844,2023-07-03 19:47:25,219.08,10.68
2844,2023-07-03 19:47:33,215.74,10.1
2844,2023-07-03 19:47:39,215.71,4.85
2844,2023-07-03 19:47:41,215.57,10.71
2844,2023-07-03 19:47:48,214.36,9.8
2844,2023-07-03 19:47:54,214.38,5.69
2844,2023-07-03 19:48:02,213.8,10.48
2844,2023-07-03 19:48:08,213.2,9.01
2844,2023-07-03 19:48:11,212.43,10.42
2844,2023-07-03 19:48:16,214.62,9.17
2844,2023-07-03 19:48:23,217.28,7.24
2844,2023-07-03 19:48:29,216.78,11.07
2844,2023-07-03 19:48:38,216.14,10.44
2844,2023-07-03 19:48:47,217.42,7.11
2844,2023-07-03 19:48:54,213.5,11.71
2844,2023-07-03 19:48:57,211.88,11.36
2844,2023-07-03 19:49:06,209.37,11.44
2844,2023-07-03 19:49:10,208.17,9.84
2844,2023-07-03 19:49:15,210.81,11.09
2844,2023-07-03 19:49:19,212.15,10.18
2844,2023-07-03 19:49:24,212.1,10.45
2844,2023-07-03 19:49:32,214.75,9.43
2844,2023-07-03 19:49:35,215.68,10.24
2844,2023-07-03 19:49:40,215.72,9.79
2844,2023-07-03 19:49:49,220.43,10.61
2844,2023-07-03 19:49:58,219.38,7.57
2844,2023-07-03 19:49:59,222.32,9.16
2844,2023-07-03 19:50:08,218.81,11.76
2844,2023-07-03 19:50:11,218.94,11.05
2844,2023-07-03 19:50:20,215.71,11.56
2844,2023-07-03 19:50:29,213.37,9.09
2844,2023-07-03 19:50:36,210.99,13.46
2844,2023-07-03 19:50:40,209.09,11.26
2844,2023-07-03 19:50:48,208.61,12.62
2844,2023-07-03 19:50:56,207.22,9.27
2844,2023-07-03 19:51:03,207.03,8.86
2844,2023-07-03 19:51:09,206.58,10.22
2844,2023-07-03 19:51:09,209.18,12.38
2844,2023-07-03 19:51:18,208.1,15.24
2844,2023-07-03 19:51:24,204.13,8.32
2844,2023-07-03 19:51:25,206.5,11.39
2844,2023-07-03 19:51:31,204.35,6.35
2844,2023-07-03 19:51:32,205.35,9.74
2844,2023-07-03 19:51:35,204.29,12.43
2844,2023-07-03 19:51:38,200.76,13.44
2844,2023-07-03 19:51:41,198.53,10.02
2844,2023-07-03 19:51:50,195.11,11.48
2844,2023-07-03 19:51:57,192.95,9.5
2844,2023-07-03 19:52:05,194.2,10.09
2844,2023-07-03 19:52:09,192.41,9.14
2844,2023-07-03 19:52:09,192.37,7.92
2844,2023-07-03 19:52:18,192.41,12.22
2844,2023-07-03 19:52:20,191.28,11.34
2844,2023-07-03 19:52:26,189.99,13.9
2844,2023-07-03 19:52:27,194.35,9.16
2844,2023-07-03 19:52:35,193.71,9.97
2844,2023-07-03 19:52:42,193.4,7.92
2844,2023-07-03 19:52:44,195.82,11.24
2844,2023-07-03 19:52:44,196.86,8.8
2844,2023-07-03 19:52:44,196.59,9.49
2844,2023-07-03 19:52:47,199.23,10.63
2844,2023-07-03 19:52:47,199.32,8.13
2844,2023-07-03 19:52:56,202.08,13.69
2844,2023-07-03 19:52:57,199.08,12.93
2844,2023-07-03 19:53:00,199.06,11.62
2844,2023-07-03 19:53:09,200.3,8.01
2844,2023-07-03 19:53:11,197.92,12.22
2844,2023-07-03 19:53:14,195.1,6.57
2844,2023-07-03 19:53:22,196.97,11.89
2844,2023-07-03 19:53:24,194.91,9.54
2844,2023-07-03 19:53:27,194.84,10.11
2844,2023-07-03 19:53:35,193.6,9.67
2844,2023-07-03 19:53:40,193.8,8.21
2844,2023-07-03 19:53:44,193.79,7.85
2844,2023-07-03 19:53:48,191.75,9.09
2844,2023-07-03 19:53:52,190.57,11.32
2844,2023-07-03 19:53:55,190.65,7.7
2844,2023-07-03 19:53:55,192.6,11.26
2844,2023-07-03 19:54:03,194.09,8.98
2844,2023-07-03 19:54:10,195.91,11.61
2844,2023-07-03 19:54:10,193.26,10.2
2844,2023-07-03 19:54:12,190.21,11.59
2844,2023-07-03 19:54:16,186.16,9.14
2844,2023-07-03 19:54:23,184.76,6.87
2844,2023-07-03 19:54:26,183.8,8.73
2844,2023-07-03 19:54:29,181.69,10.08
2844,2023-07-03 19:54:32,182.82,10.99
2844,2023-07-03 19:54:40,183.11,10.95
2844,2023-07-03 19:54:47,182.74,15.09
2844,2023-07-03 19:54:48,184.76,10.13
2844,2023-07-03 19:54:54,186.56,9.63
2844,2023-07-03 19:55:02,186.91,7.33
2844,2023-07-03 19:55:08,184.01,7.17
2844,2023-07-03 19:55:17,182.03,10.63
2844,2023-07-03 19:55:26,183.99,8.88
2844,2023-07-03 19:55:31,187.07,11.55
2844,2023-07-03 19:55:37,191.21,8.21
2844,2023-07-03 19:55:45,191.73,14.04
2844,2023-07-03 19:55:54,187.6,8.18
2844,2023-07-03 19:56:03,187.13,9.49
2844,2023-07-03 19:56:09,188.6,7.31
2844,2023-07-03 19:56:17,189.07,7.22
2844,2023-07-03 19:56:24,187.48,9.98
2844,2023-07-03 19:56:28,186.99,8.18
2844,2023-07-03 19:56:33,185.42,11.68
2844,2023-07-03 19:56:33,189.62,10.41
2844,2023-07-03 19:56:33,187.27,12.28
2844,2023-07-03 19:56:34,184.76,13.32
2844,2023-07-03 19:56:35,183.4,11.63
2844,2023-07-03 19:56:41,183.12,8.73
2844,2023-07-03 19:56:47,181.06,9.91
2844,2023-07-03 19:56:48,181.82,7.46
2844,2023-07-03 19:56:48,182.62,11.95
2844,2023-07-03 19:56:50,180.01,11.32
2844,2023-07-03 19:56:55,182.19,10.93
2844,2023-07-03 19:57:01,186.62,10.83
2844,2023-07-03 19:57:02,188.55,11.6
2844,2023-07-03 19:57:03,189.3,11.14
2844,2023-07-03 19:57:12,190.31,11.15
2844,2023-07-03 19:57:18,187.71,9.45
2844,2023-07-03 19:57:25,191.3,7.7
2844,2023-07-03 19:57:25,189.91,9.65
2844,2023-07-03 19:57:32,187.83,8.56
2844,2023-07-03 19:57:34,190,11.24
2844,2023-07-03 19:57:35,187.03,11.39
2844,2023-07-03 19:57:42,186.66,11.81
2844,2023-07-03 19:57:47,185.34,12.28
2844,2023-07-03 19:57:56,187,6.22
2844,2023-07-03 19:58:01,186.65,11.58
2844,2023-07-03 19:58:09,187.78,10.69
2844,2023-07-03 19:58:15,190.51,10.28
2844,2023-07-03 19:58:19,190.71,7.83
2844,2023-07-03 19:58:25,188.4,9.57
2844,2023-07-03 19:58:27,186.16,5.6
2844,2023-07-03 19:58:33,188.15,9.04
2844,2023-07-03 19:58:36,190.81,14.72
2844,2023-07-03 19:58:38,190.24,11.11
2844,2023-07-03 19:58:42,189.08,12.06
2844,2023-07-03 19:58:46,189.07,9.56
2844,2023-07-03 19:58:49,188.2,11.87
2844,2023-07-03 19:58:57,191.69,10.97
2844,2023-07-03 19:58:57,194.04,8.03
2844,2023-07-03 19:59:04,194.61,11.13
2844,2023-07-03 19:59:07,194.7,8.12
2844,2023-07-03 19:59:07,195.4,11.47
2844,2023-07-03 19:59:15,194.81,6.94
2844,2023-07-03 19:59:21,193.29,9.68
2844,2023-07-03 19:59:21,193.61,7.86
2844,2023-07-03 19:59:22,194.18,10.13
2844,2023-07-03 19:59:30,192.2,8.69
2844,2023-07-03 19:59:37,189.12,10.62
2844,2023-07-03 19:59:40,190.22,5.79
2844,2023-07-03 19:59:48,191.57,12.07
2844,2023-07-03 19:59:57,193.75,9.73
2844,2023-07-03 20:00:03,195.03,8.46
2844,2023-07-03 20:00:12,194.07,9.44
2844,2023-07-03 20:00:19,194.25,5
2844,2023-07-03 20:00:25,196.45,11.75
2844,2023-07-03 20:00:33,193.49,11.69
2844,2023-07-03 20:00:42,191.44,10.95
2844,2023-07-03 20:00:51,193.82,7.53
2844,2023-07-03 20:00:52,199.73,9.83
2844,2023-07-03 20:01:00,199.75,10.14
2844,2023-07-03 20:01:04,195.46,9.48
2844,2023-07-03 20:01:12,191.4,9.05
2844,2023-07-03 20:01:18,191.28,9.62
2844,2023-07-03 20:01:26,191.1,11.63
2844,2023-07-03 20:01:31,189.04,9.65
2844,2023-07-03 20:01:40,188.6,8.22
2844,2023-07-03 20:01:40,187.11,7.97
2844,2023-07-03 20:01:40,184.74,9.04
2844,2023-07-03 20:01:48,183.38,7.38
2844,2023-07-03 20:01:50,184.87,7.34
2844,2023-07-03 20:01:51,184.07,14.74
2844,2023-07-03 20:01:52,182.7,10.61
2844,2023-07-03 20:01:54,182.12,10.26
2844,2023-07-03 20:02:01,183.92,9.98
2844,2023-07-03 20:02:03,183.16,10.68
2844,2023-07-03 20:02:06,181.12,11.47
2844,2023-07-03 20:02:10,183.57,9.81
2844,2023-07-03 20:02:10,186.93,10.85
2844,2023-07-03 20:02:19,186.92,12.95
2844,2023-07-03 20:02:22,188.36,13.08
2844,2023-07-03 20:02:26,189.31,10.08
2844,2023-07-03 20:02:30,190.05,11.66
2844,2023-07-03 20:02:34,188.52,10.62
2844,2023-07-03 20:02:42,187.48,8.83
2844,2023-07-03 20:02:45,185.29,9.29
2844,2023-07-03 20:02:51,185.02,10.27
2844,2023-07-03 20:02:57,183.26,10.17
2844,2023-07-03 20:03:05,186.07,8.6
2844,2023-07-03 20:03:10,190.2,13
2844,2023-07-03 20:03:10,188.14,11.14
2844,2023-07-03 20:03:18,189.45,9.81
2844,2023-07-03 20:03:22,186.77,10.46
2844,2023-07-03 20:03:22,184.68,6.58
2844,2023-07-03 20:03:28,185.74,14.09
2844,2023-07-03 20:03:37,184.47,10.24
2844,2023-07-03 20:03:46,183.51,10.16
2844,2023-07-03 20:03:51,181.24,10.7
2844,2023-07-03 20:03:52,183.05,9.24
2844,2023-07-03 20:04:01,180.67,8.58
2844,2023-07-03 20:04:09,180.02,11.85
2844,2023-07-03 20:04:14,179.17,10.97
2844,2023-07-03 20:04:18,177.71,8.25
2844,2023-07-03 20:04:22,176.41,11.1
2844,2023-07-03 20:04:30,175.59,10.52
2844,2023-07-03 20:04:36,179.29,12.04
2844,2023-07-03 20:04:39,180.02,5.1
2844,2023-07-03 20:04:41,179.35,9.6
2844,2023-07-03 20:04:42,182.06,6.66
2844,2023-07-03 20:04:44,181.53,11.35
2844,2023-07-03 20:04:52,182.1,11.03
2844,2023-07-03 20:05:01,182.56,11.15
2844,2023-07-03 20:05:01,183.81,9.02
2844,2023-07-03 20:05:03,183.68,10.05
2844,2023-07-03 20:05:05,187.2,11.6
2844,2023-07-03 20:05:10,185.24,11.86
2844,2023-07-03 20:05:11,187.67,13.86
2844,2023-07-03 20:05:13,187.7,11.69
2844,2023-07-03 20:05:16,188.73,8.72
2844,2023-07-03 20:05:17,187.42,10.4
2844,2023-07-03 20:05:22,187.59,10.02
2844,2023-07-03 20:05:25,187.32,15.31
2844,2023-07-03 20:05:27,187.13,10.64
2844,2023-07-03 20:05:27,184.89,7.99
2844,2023-07-03 20:05:36,186.75,14.26
2844,2023-07-03 20:05:36,186.96,11.54
2844,2023-07-03 20:05:42,189.31,12.92
2844,2023-07-03 20:05:45,189.42,7.7
2844,2023-07-03 20:05:54,189.64,12.36
2844,2023-07-03 20:06:02,187.27,10.7
2844,2023-07-03 20:06:05,189.02,11.17
2844,2023-07-03 20:06:11,187.83,12.4
2844,2023-07-03 20:06:13,188.01,8.65
2844,2023-07-03 20:06:22,193.44,7.16
2844,2023-07-03 20:06:30,193.8,9.38
2844,2023-07-03 20:06:33,196.28,9.74
2844,2023-07-03 20:06:36,194.33,9.21
2844,2023-07-03 20:06:39,193.74,6.91
2844,2023-07-03 20:06:45,198.11,8.52
2844,2023-07-03 20:06:46,195.99,10.23
2844,2023-07-03 20:06:47,195.13,9.37
2844,2023-07-03 20:06:49,196.12,13.55
2844,2023-07-03 20:06:51,195.5,8.37
2844,2023-07-03 20:06:53,195.74,15.23
2844,2023-07-03 20:07:00,195.35,8.32
2844,2023-07-03 20:07:05,195.51,10.8
2844,2023-07-03 20:07:07,197.18,12.69
2844,2023-07-03 20:07:15,194.51,6.01
2844,2023-07-03 20:07:15,192.25,7.2
2844,2023-07-03 20:07:23,195.35,9.04
2844,2023-07-03 20:07:24,193.14,11.71
2844,2023-07-03 20:07:31,192.32,11.78
2844,2023-07-03 20:07:31,189.31,12.07
2844,2023-07-03 20:07:35,188.36,6.16
2844,2023-07-03 20:07:41,189.79,6.05
2844,2023-07-03 20:07:48,191.82,5.21
2844,2023-07-03 20:07:55,192.16,10.85
2844,2023-07-03 20:08:03,187.12,5.96
2844,2023-07-03 20:08:03,186.01,10.75
2844,2023-07-03 20:08:11,187.17,9.82
2844,2023-07-03 20:08:16,188.08,12.09
2844,2023-07-03 20:08:16,187.73,12.36
2844,2023-07-03 20:08:17,189.07,7.98
2844,2023-07-03 20:08:26,188.06,9.51
2844,2023-07-03 20:08:31,187.66,10.51
2844,2023-07-03 20:08:34,188.97,11.63
2844,2023-07-03 20:08:35,186.96,10.82
2844,2023-07-03 20:08:44,186.8,11.83
2844,2023-07-03 20:08:50,188.27,10.46
2844,2023-07-03 20:08:50,189.06,9.72
2844,2023-07-03 20:08:54,190.7,9.99
2844,2023-07-03 20:08:55,192.35,8.7
2844,2023-07-03 20:09:02,194.05,10.71
2844,2023-07-03 20:09:10,193.13,11.21
2844,2023-07-03 20:09:16,195.68,11.14
2844,2023-07-03 20:09:24,192.77,9.4
2844,2023-07-03 20:09:27,191.68,7.68
2844,2023-07-03 20:09:30,189.46,7.58
2844,2023-07-03 20:09:37,189.72,8.73
2844,2023-07-03 20:09:38,188.25,8.5
2844,2023-07-03 20:09:45,190.97,8.37
2844,2023-07-03 20:09:53,189.6,8.76
2844,2023-07-03 20:09:58,191.15,13.33
2844,2023-07-03 20:09:59,194.44,8.9
2844,2023-07-03 20:10:02,192.26,10.41
2844,2023-07-03 20:10:05,192.13,12.55
2844,2023-07-03 20:10:14,191.16,12.04
2844,2023-07-03 20:10:17,189.93,8.25
2844,2023-07-03 20:10:21,191.94,11.21
2844,2023-07-03 20:10:23,187.87,10.77
2844,2023-07-03 20:10:26,190.88,10.28
2844,2023-07-03 20:10:26,187.57,7.19
2844,2023-07-03 20:10:35,187.72,9.56
2844,2023-07-03 20:10:43,186.77,11.52
2844,2023-07-03 20:10:43,188.57,10.34
2844,2023-07-03 20:10:51,186.16,12.56
2844,2023-07-03 20:10:59,184.52,11.21
2844,2023-07-03 20:11:00,183.05,7.55
2844,2023-07-03 20:11:08,182.78,8.32
2844,2023-07-03 20:11:15,182.84,10.63
2844,2023-07-03 20:11:15,178.17,8.58
2844,2023-07-03 20:11:15,181.21,6.18
2844,2023-07-03 20:11:23,183.25,13.17
2844,2023-07-03 20:11:32,179.32,11.03
2844,2023-07-03 20:11:36,178.28,7.48
2844,2023-07-03 20:11:37,178.22,12.52
2844,2023-07-03 20:11:44,179.58,7.67
2844,2023-07-03 20:11:45,177.39,9.91
2844,2023-07-03 20:11:50,178.61,11.98
2844,2023-07-03 20:11:51,176,12.55
2844,2023-07-03 20:11:53,175.3,12.56
2844,2023-07-03 20:12:02,173.56,11.42
2844,2023-07-03 20:12:10,170.93,9.02
2844,2023-07-03 20:12:19,171.01,16.06
2844,2023-07-03 20:12:21,173.59,10.42
2844,2023-07-03 20:12:26,174.29,10.79
2844,2023-07-03 20:12:32,173.26,7.18
2844,2023-07-03 20:12:37,171.08,8.61
2844,2023-07-03 20:12:42,169,14.87
2844,2023-07-03 20:12:44,168.81,9.72
2844,2023-07-03 20:12:51,170.6,11.61
2844,2023-07-03 20:12:51,171.61,13.6
2844,2023-07-03 20:12:54,171.55,12.09
2844,2023-07-03 20:12:57,171.62,8.51
2844,2023-07-03 20:13:04,175.48,8.06
2844,2023-07-03 20:13:06,173.49,10.43
2844,2023-07-03 20:13:06,174.2,8.04
2844,2023-07-03 20:13:12,175.3,10.12
2844,2023-07-03 20:13:14,173,12.4
2844,2023-07-03 20:13:21,174.96,7.01
2844,2023-07-03 20:13:21,173.52,11.15
2844,2023-07-03 20:13:23,175.2,13.37
2844,2023-07-03 20:13:23,173.56,8.64
2844,2023-07-03 20:13:32,172.92,9.39
2844,2023-07-03 20:13:33,173.01,8.19
2844,2023-07-03 20:13:36,172.98,4.48
2844,2023-07-03 20:13:39,172.73,11.53
2844,2023-07-03 20:13:44,171.43,14.32
2844,2023-07-03 20:13:53,171.49,8.08
2844,2023-07-03 20:13:58,173.94,11.64
2844,2023-07-03 20:14:00,171.4,8.68
2844,2023-07-03 20:14:00,169.59,4.78
2844,2023-07-03 20:14:07,169.36,8.69
2844,2023-07-03 20:14:13,169.99,10.92
2844,2023-07-03 20:14:22,168.7,6.72
2844,2023-07-03 20:14:29,165.61,10.26
2844,2023-07-03 20:14:37,167.59,9.45
2844,2023-07-03 20:14:45,167.93,6.91
2844,2023-07-03 20:14:46,165.69,12.83
2844,2023-07-03 20:14:49,167.18,12.4
2844,2023-07-03 20:14:49,165.31,14.81
2844,2023-07-03 20:14:53,163.86,10.8
2844,2023-07-03 20:15:01,164.71,8.98
2844,2023-07-03 20:15:06,164.67,9.09
2844,2023-07-03 20:15:07,166.47,12.53
2844,2023-07-03 20:15:14,164.61,10.97
2844,2023-07-03 20:15:23,161.92,9.21
2844,2023-07-03 20:15:25,161.46,7.58
2844,2023-07-03 20:15:34,162.29,11.52
2844,2023-07-03 20:15:37,163.91,12.63
2844,2023-07-03 20:15:45,166.44,7.97
2844,2023-07-03 20:15:46,165.25,9.79
2844,2023-07-03 20:15:48,164.21,8.64
2844,2023-07-03 20:15:54,161.89,13.33
2844,2023-07-03 20:15:57,161.95,11.27
2844,2023-07-03 20:16:03,158.14,11.24
2844,2023-07-03 20:16:04,158.8,9.53
2844,2023-07-03 20:16:12,158.62,14.93
2844,2023-07-03 20:16:18,159.66,13.49
2844,2023-07-03 20:16:24,159.14,9.09
2844,2023-07-03 20:16:31,162.8,9.9
2844,2023-07-03 20:16:38,163.66,8.07
2844,2023-07-03 20:16:46,165.81,11.98
2844,2023-07-03 20:16:55,164.41,10.75
2844,2023-07-03 20:17:02,166.89,11.85
2844,2023-07-03 20:17:05,167.36,6.65
2844,2023-07-03 20:17:06,169.78,8.19
2844,2023-07-03 20:17:13,169.56,13.76
2844,2023-07-03 20:17:20,171.2,9.68
2844,2023-07-03 20:17:20,173.87,8.17
2844,2023-07-03 20:17:20,175.66,11.06
2844,2023-07-03 20:17:28,175.71,9.42
2844,2023-07-03 20:17:34,175.46,4.93
2844,2023-07-03 20:17:43,174.79,9.86
2844,2023-07-03 20:17:44,174.78,12.56
2844,2023-07-03 20:17:51,174.66,10.65
2844,2023-07-03 20:17:58,171.34,7.38
2844,2023-07-03 20:17:58,172.62,10.49
2844,2023-07-03 20:17:58,174.12,10.74
2844,2023-07-03 20:18:00,172.47,6.66
2844,2023-07-03 20:18:02,171.56,11.43
2844,2023-07-03 20:18:11,170.16,8.37
2844,2023-07-03 20:18:17,169.84,7.25
2844,2023-07-03 20:18:22,175.12,7.44
2844,2023-07-03 20:18:29,174.34,10.2
2844,2023-07-03 20:18:36,177.13,12.99
2844,2023-07-03 20:18:36,177.27,8.81
2844,2023-07-03 20:18:37,177.68,8.36
2844,2023-07-03 20:18:41,177.6,7.3
2844,2023-07-03 20:18:46,178.55,11.47
2844,2023-07-03 20:18:51,178.15,10.36
2844,2023-07-03 20:18:57,176.22,11.15
2844,2023-07-03 20:19:05,178.96,12.62
2844,2023-07-03 20:19:06,177.82,11.66
2844,2023-07-03 20:19:09,176.14,11.17
2844,2023-07-03 20:19:10,174.99,12.65
2844,2023-07-03 20:19:17,177.26,12.25
2844,2023-07-03 20:19:22,178.56,10.45
2844,2023-07-03 20:19:22,180.03,12.33
2844,2023-07-03 20:19:25,182.9,7.15
2844,2023-07-03 20:19:26,180.41,11.72
2844,2023-07-03 20:19:26,181.38,8.5
2844,2023-07-03 20:19:26,181.82,9.96
2844,2023-07-03 20:19:33,183.32,12.53
2844,2023-07-03 20:19:38,184.42,10.93
2844,2023-07-03 20:19:40,183.52,10.43
2844,2023-07-03 20:19:44,184.39,10.14
2844,2023-07-03 20:19:53,184.6,8.52
2844,2023-07-03 20:19:57,182.68,10.32
2844,2023-07-03 20:20:02,182.93,9.88
2844,2023-07-03 20:20:07,182.08,12.91
2844,2023-07-03 20:20:08,182.61,11.93
2844,2023-07-03 20:20:12,182.15,12.94
2844,2023-07-03 20:20:12,182.61,11.18
2844,2023-07-03 20:20:21,181.81,10.21
2844,2023-07-03 20:20:25,183.01,9.07
2844,2023-07-03 20:20:34,180.79,5.35
2844,2023-07-03 20:20:37,181.35,9.01
2844,2023-07-03 20:20:46,181.03,8.72
2844,2023-07-03 20:20:51,180.56,12.24
2844,2023-07-03 20:20:52,182.79,13.78
2844,2023-07-03 20:20:59,183.55,11.5
2844,2023-07-03 20:21:06,187.23,8.46
2844,2023-07-03 20:21:08,189.16,10.73
2844,2023-07-03 20:21:16,190.45,6.04
2844,2023-07-03 20:21:17,192.6,9.95
2844,2023-07-03 20:21:19,188.19,12.74
2844,2023-07-03 20:21:19,189.95,9.38
2844,2023-07-03 20:21:20,189.38,9.6
2844,2023-07-03 20:21:29,189.38,9.44
2844,2023-07-03 20:21:30,190.44,9.99
2844,2023-07-03 20:21:31,190.79,12.17
2844,2023-07-03 20:21:39,190.1,9.43
2844,2023-07-03 20:21:42,191.68,13.81
2844,2023-07-03 20:21:48,188.63,10.25
2844,2023-07-03 20:21:53,193.12,10.58
2844,2023-07-03 20:21:54,193.47,10.71
2844,2023-07-03 20:21:54,190.55,10.82
2844,2023-07-03 20:22:01,190.07,11.33
2844,2023-07-03 20:22:05,190.75,11.69
2844,2023-07-03 20:22:13,192.13,8.92
2844,2023-07-03 20:22:15,190.18,12.67
2844,2023-07-03 20:22:24,191.6,9.69
2844,2023-07-03 20:22:27,191.72,8.63
2844,2023-07-03 20:22:32,191.64,13.61
2844,2023-07-03 20:22:33,190.19,7.71
2844,2023-07-03 20:22:40,189.73,12.07
2844,2023-07-03 20:22:45,189.16,6.49
2844,2023-07-03 20:22:54,192.28,5.76
2844,2023-07-03 20:22:58,192.28,13.54
2844,2023-07-03 20:23:06,192.64,9.79
2844,2023-07-03 20:23:15,193.7,9.17
2844,2023-07-03 20:23:15,196.36,8.73
2844,2023-07-03 20:23:23,198.38,9.65
2844,2023-07-03 20:23:25,196.5,6.56
2844,2023-07-03 20:23:34,201.67,9.46
2844,2023-07-03 20:23:34,202.84,11.96
2844,2023-07-03 20:23:43,201.6,9.53
2844,2023-07-03 20:23:51,204.88,12.43
2844,2023-07-03 20:23:57,207.38,7.16
2844,2023-07-03 20:24:04,208.75,10.47
2844,2023-07-03 20:24:13,209.67,10.73
2844,2023-07-03 20:24:22,208.87,9.26
2844,2023-07-03 20:24:28,211.78,12.18
2844,2023-07-03 20:24:32,209.94,11.51
2844,2023-07-03 20:24:36,213.91,13.95
2844,2023-07-03 20:24:41,213.6,7.54
2844,2023-07-03 20:24:44,214.3,11.33
2844,2023-07-03 20:24:49,214.01,5.82
2844,2023-07-03 20:24:51,210.81,10.15
2844,2023-07-03 20:24:57,209.33,12.09
2844,2023-07-03 20:24:57,209.95,10.26
2844,2023-07-03 20:25:06,209.87,6.78
2844,2023-07-03 20:25:15,209.43,7.91
2844,2023-07-03 20:25:24,215.42,6.99
2844,2023-07-03 20:25:25,214.09,11.39
2844,2023-07-03 20:25:33,213.97,10.32
2844,2023-07-03 20:25:40,212.18,3.27
2844,2023-07-03 20:25:42,213.55,10.88
2844,2023-07-03 20:25:42,213.21,12.21
2844,2023-07-03 20:25:43,214.4,10.3
2844,2023-07-03 20:25:45,211.38,9.47
2844,2023-07-03 20:25:49,210.36,11.05
2844,2023-07-03 20:25:51,211.52,6.86
2844,2023-07-03 20:25:56,210.93,8.15
2844,2023-07-03 20:26:05,214.71,13.47
2844,2023-07-03 20:26:14,217.38,12.71
2844,2023-07-03 20:26:23,217.13,7.05
2844,2023-07-03 20:26:31,216.09,10.29
2844,2023-07-03 20:26:38,215.47,11.1
2844,2023-07-03 20:26:43,216.45,12.22
2844,2023-07-03 20:26:51,218.65,9.64
2844,2023-07-03 20:26:58,222.51,9.32
2844,2023-07-03 20:27:07,219.42,9.98
2844,2023-07-03 20:27:11,220.08,8.31
2844,2023-07-03 20:27:14,216.33,5.92
2844,2023-07-03 20:27:15,219.26,12.23
2844,2023-07-03 20:27:20,220.86,4.51
2844,2023-07-03 20:27:29,221.53,9.49
2844,2023-07-03 20:27:31,221.65,10.72
2844,2023-07-03 20:27:32,219.73,12.14
2844,2023-07-03 20:27:33,219.95,10.04
2844,2023-07-03 20:27:40,220.24,12.61
2844,2023-07-03 20:27:47,222.2,9.92
2844,2023-07-03 20:27:51,221.38,12.96
2844,2023-07-03 20:27:57,222.36,9.27
2844,2023-07-03 20:27:59,219.42,10.31
2844,2023-07-03 20:28:08,216.97,12.13
2844,2023-07-03 20:28:10,219.35,8.52
2844,2023-07-03 20:28:16,219.83,6.94
2844,2023-07-03 20:28:22,220.78,10.65
2844,2023-07-03 20:28:25,218.44,7.15
2844,2023-07-03 20:28:29,221.35,9.38
2844,2023-07-03 20:28:32,220.8,8.75
2844,2023-07-03 20:28:32,222,11.55
2844,2023-07-03 20:28:40,222.61,9.47
2844,2023-07-03 20:28:41,220.06,7.46
2844,2023-07-03 20:28:45,222.76,11.31
2844,2023-07-03 20:28:54,222.36,9.12
2844,2023-07-03 20:28:58,222.39,8.33
2844,2023-07-03 20:29:05,222.42,13.73
2844,2023-07-03 20:29:12,225.23,7.81
2844,2023-07-03 20:29:19,224.2,11.15
2844,2023-07-03 20:29:27,219.94,12.99
2844,2023-07-03 20:29:32,224.26,10.64
2844,2023-07-03 20:29:39,227.38,9.52
2844,2023-07-03 20:29:39,224.18,10.48
2844,2023-07-03 20:29:44,222.81,8.41
2844,2023-07-03 20:29:44,224.9,9.76
2844,2023-07-03 20:29:45,222.02,9.57
2844,2023-07-03 20:29:53,222.74,8.51
2844,2023-07-03 20:29:54,221.47,7.62
2844,2023-07-03 20:29:55,217.81,16.71
2844,2023-07-03 20:29:59,219.01,10.43
2844,2023-07-03 20:30:07,220.97,10.88
2844,2023-07-03 20:30:08,221.58,8.56
2844,2023-07-03 20:30:17,222.46,11.94
2844,2023-07-03 20:30:18,220.74,7.46
2844,2023-07-03 20:30:26,219.25,7.53
2844,2023-07-03 20:30:30,217.51,8.85
2844,2023-07-03 20:30:34,216.47,8.79
2844,2023-07-03 20:30:38,216.96,7.88
2844,2023-07-03 20:30:47,219.14,8.31
2844,2023-07-03 20:30:50,218.71,8.97
2844,2023-07-03 20:30:55,221.29,11.43
2844,2023-07-03 20:31:03,221.44,10.84
2844,2023-07-03 20:31:05,221.13,12.73
2844,2023-07-03 20:31:11,223.46,11.2
2844,2023-07-03 20:31:19,221.63,5.33
2844,2023-07-03 20:31:20,224.17,9.59
2844,2023-07-03 20:31:24,224.85,9.92
2844,2023-07-03 20:31:30,223.79,9.5
2844,2023-07-03 20:31:31,224.53,12.92
2844,2023-07-03 20:31:40,227.87,11.28
2844,2023-07-03 20:31:46,226.45,8.54
2844,2023-07-03 20:31:53,227.4,11.95
2844,2023-07-03 20:31:59,230.48,8.73
2844,2023-07-03 20:32:03,229.72,9.21
2844,2023-07-03 20:32:12,233.71,7.49
2844,2023-07-03 20:32:13,232.34,9.49
2844,2023-07-03 20:32:16,236.58,9.7
2844,2023-07-03 20:32:20,232.67,6.96
2844,2023-07-03 20:32:21,230.91,5.92
2844,2023-07-03 20:32:27,226.11,8.34
2844,2023-07-03 20:32:33,226.27,12.65
2844,2023-07-03 20:32:39,226.93,8.18
2844,2023-07-03 20:32:47,225.53,9.91
2844,2023-07-03 20:32:56,225.69,9.84
2844,2023-07-03 20:32:58,224.79,9.53
2844,2023-07-03 20:32:58,222.81,4.8
2844,2023-07-03 20:33:06,225.13,7.39
2844,2023-07-03 20:33:14,227.82,10.69
2844,2023-07-03 20:33:17,227.72,8.7
2844,2023-07-03 20:33:19,227.25,14.2
2844,2023-07-03 20:33:25,224.32,10.59
2844,2023-07-03 20:33:28,224.68,11.91
2844,2023-07-03 20:33:28,222.87,9.93
2844,2023-07-03 20:33:36,222.08,6.95
2844,2023-07-03 20:33:42,219.36,10.11
2844,2023-07-03 20:33:50,219.2,8.01
2844,2023-07-03 20:33:54,219.5,8.77
2844,2023-07-03 20:33:56,218.2,9.69
2844,2023-07-03 20:34:05,219.15,10.96
2844,2023-07-03 20:34:13,220.7,9.69
2844,2023-07-03 20:34:16,218.59,8.89
2844,2023-07-03 20:34:23,220.78,7.21
2844,2023-07-03 20:34:24,219.73,7.62
2844,2023-07-03 20:34:31,220.33,10.18
2844,2023-07-03 20:34:38,218.01,7.88
2844,2023-07-03 20:34:44,215.74,10.98
2844,2023-07-03 20:34:50,214.41,8.19
2844,2023-07-03 20:34:59,217.55,9.6
2844,2023-07-03 20:35:06,221.31,6.51
2844,2023-07-03 20:35:08,219.2,8.81
2844,2023-07-03 20:35:10,217.74,6.99
2844,2023-07-03 20:35:14,217.34,12.32
2844,2023-07-03 20:35:23,217.96,6.13
2844,2023-07-03 20:35:31,220.23,14.52
2844,2023-07-03 20:35:40,220.17,10.41
2844,2023-07-03 20:35:46,221.56,12.24
2844,2023-07-03 20:35:46,222.46,11.9
2844,2023-07-03 20:35:53,223.35,10.98
2844,2023-07-03 20:35:56,223.3,13.77
2844,2023-07-03 20:35:59,222.92,11.81
2844,2023-07-03 20:36:00,221.03,9.19
2844,2023-07-03 20:36:04,220.7,10.37
2844,2023-07-03 20:36:04,223.04,12.91
2844,2023-07-03 20:36:11,220.89,6.54
2844,2023-07-03 20:36:12,218.55,7.33
2844,2023-07-03 20:36:14,221.54,7.15
2844,2023-07-03 20:36:17,220.67,9.97
2844,2023-07-03 20:36:25,215.82,8.6
2844,2023-07-03 20:36:29,217.87,10.79
2844,2023-07-03 20:36:35,216.3,12.45
2844,2023-07-03 20:36:35,213.45,9.29
2844,2023-07-03 20:36:41,215.57,11.88
2844,2023-07-03 20:36:41,211.35,12.06
2844,2023-07-03 20:36:44,213.49,9.91
2844,2023-07-03 20:36:45,214.59,10.65
2844,2023-07-03 20:36:47,216.53,8.01
2844,2023-07-03 20:36:53,214.04,12.8
2844,2023-07-03 20:36:55,213.6,9.6
2844,2023-07-03 20:36:58,207.89,11.34
2844,2023-07-03 20:37:04,208.7,9.63
2844,2023-07-03 20:37:13,208.46,10.98
2844,2023-07-03 20:37:16,210.17,5.06
2844,2023-07-03 20:37:20,213.78,9.14
2844,2023-07-03 20:37:26,213.29,13.28
2844,2023-07-03 20:37:34,211.5,11.08
2844,2023-07-03 20:37:43,212.71,9.64
2844,2023-07-03 20:37:44,214.51,9.58
2844,2023-07-03 20:37:49,215.72,11.17
2844,2023-07-03 20:37:55,216.23,10.23
2844,2023-07-03 20:37:58,216.39,11.92
2844,2023-07-03 20:38:02,213.98,8.16
2844,2023-07-03 20:38:04,212.17,10.65
2844,2023-07-03 20:38:12,214.54,9.83
2844,2023-07-03 20:38:13,216.28,10.05
2844,2023-07-03 20:38:16,219.08,7.72
2844,2023-07-03 20:38:23,217.21,9.22
2844,2023-07-03 20:38:29,216.82,7.36
2844,2023-07-03 20:38:31,213.63,10.43
2844,2023-07-03 20:38:33,212.85,9.84
2844,2023-07-03 20:38:36,213.25,9.25
2844,2023-07-03 20:38:44,213.68,9.05
2844,2023-07-03 20:38:49,214.96,7.6
2844,2023-07-03 20:38:57,213.51,8.99
2844,2023-07-03 20:39:05,213.48,15.3
2844,2023-07-03 20:39:05,212.55,11.35
2844,2023-07-03 20:39:07,213.44,7.09
2844,2023-07-03 20:39:12,215.87,9.98
2844,2023-07-03 20:39:13,215.7,9.04
2844,2023-07-03 20:39:20,217.16,8.82
2844,2023-07-03 20:39:23,214.48,8.3
2844,2023-07-03 20:39:31,216.62,9.81
2844,2023-07-03 20:39:31,216.87,10.97
2844,2023-07-03 20:39:31,218.9,9.02
2844,2023-07-03 20:39:33,221.45,9.98
2844,2023-07-03 20:39:39,216.68,11.17
2844,2023-07-03 20:39:46,214.4,8.2
2844,2023-07-03 20:39:54,212.29,9.65
2844,2023-07-03 20:39:56,208.88,10.31
2844,2023-07-03 20:40:05,207.94,10.56
2844,2023-07-03 20:40:08,208.34,11.86
2844,2023-07-03 20:40:15,206.99,9.65
2844,2023-07-03 20:40:24,207.32,11.23
2844,2023-07-03 20:40:24,205.01,10.16
2844,2023-07-03 20:40:28,205.29,9.08
2844,2023-07-03 20:40:36,208.81,10.25
2844,2023-07-03 20:40:45,207.5,6.67
2844,2023-07-03 20:40:54,205.27,12.15
2844,2023-07-03 20:40:56,205.56,9.72
2844,2023-07-03 20:40:57,206.65,10.85
2844,2023-07-03 20:41:03,208.18,8.93
2844,2023-07-03 20:41:11,212.03,8.55
2844,2023-07-03 20:41:11,212.61,7.57
2844,2023-07-03 20:41:17,211.14,11.04
2844,2023-07-03 20:41:20,211.11,11.04
2844,2023-07-03 20:41:26,214.97,11.72
2844,2023-07-03 20:41:32,218.42,9.76
2844,2023-07-03 20:41:37,214.91,12.76
2844,2023-07-03 20:41:41,215.09,8.68
2844,2023-07-03 20:41:48,215.64,3.19
2844,2023-07-03 20:41:55,215.46,9.69
2844,2023-07-03 20:41:57,214.21,6.94
2844,2023-07-03 20:42:03,217.15,7.69
2844,2023-07-03 20:42:09,216.82,7.56
2844,2023-07-03 20:42:10,216.71,12.5
2844,2023-07-03 20:42:11,217.27,7.89
2844,2023-07-03 20:42:19,214.39,9.64
2844,2023-07-03 20:42:20,215.39,10.24
2844,2023-07-03 20:42:22,213.2,11.89
2844,2023-07-03 20:42:26,212.19,10.62
2844,2023-07-03 20:42:29,212.25,10.14
2844,2023-07-03 20:42:34,211.44,9.97
2844,2023-07-03 20:42:36,212.73,9.7
2844,2023-07-03 20:42:41,213.99,10.26
2844,2023-07-03 20:42:47,215.91,10.27
2844,2023-07-03 20:42:54,213.96,8.61
2844,2023-07-03 20:42:56,214.68,11.12
2844,2023-07-03 20:42:59,217.41,10.94
2844,2023-07-03 20:43:00,216.27,12.05
2844,2023-07-03 20:43:07,215.99,9.54
2844,2023-07-03 20:43:16,216.75,9.72
2844,2023-07-03 20:43:19,216.1,9.99
2844,2023-07-03 20:43:19,217.77,10.13
2844,2023-07-03 20:43:22,216.16,7.67
2844,2023-07-03 20:43:31,217.97,7.17
2844,2023-07-03 20:43:37,213.66,10.07
2844,2023-07-03 20:43:37,217.39,10.74
2844,2023-07-03 20:43:38,215.4,9.57
2844,2023-07-03 20:43:41,216.03,6.12
2844,2023-07-03 20:43:48,216.47,9.99
2844,2023-07-03 20:43:55,215.05,8.15
2844,2023-07-03 20:43:58,214.63,10.17
2844,2023-07-03 20:43:58,213.62,11.55
2844,2023-07-03 20:43:58,213.68,11.53
2844,2023-07-03 20:44:07,214.15,7.59
2844,2023-07-03 20:44:16,214.14,8.89
2844,2023-07-03 20:44:23,214.21,11.5
2844,2023-07-03 20:44:28,214.76,11.56
2844,2023-07-03 20:44:30,214.68,9.18
2844,2023-07-03 20:44:33,212.3,10.52
2844,2023-07-03 20:44:41,212.72,11.1
2844,2023-07-03 20:44:42,214.15,10.51
2844,2023-07-03 20:44:48,211.69,10.29
2844,2023-07-03 20:44:49,210.76,11.43
2844,2023-07-03 20:44:56,208.56,10.22
2844,2023-07-03 20:44:56,207.86,10.63
2844,2023-07-03 20:45:05,208.89,7.35
2844,2023-07-03 20:45:07,208.17,11.92
2844,2023-07-03 20:45:12,206.88,9.06
2844,2023-07-03 20:45:15,203.26,7.91
2844,2023-07-03 20:45:18,207.61,10.7
2844,2023-07-03 20:45:25,207,11
2844,2023-07-03 20:45:30,206.86,11.93
2844,2023-07-03 20:45:31,203.01,9.95
2844,2023-07-03 20:45:38,200,9.95
2844,2023-07-03 20:45:39,197.25,10.75
2844,2023-07-03 20:45:44,200.39,11.67
2844,2023-07-03 20:45:50,201.6,8.87
2844,2023-07-03 20:45:59,203.06,10.56
2844,2023-07-03 20:46:02,200.92,10.68
2844,2023-07-03 20:46:07,200.24,11.42
2844,2023-07-03 20:46:16,201.97,9.21
2844,2023-07-03 20:46:21,200.87,10.6
2844,2023-07-03 20:46:28,200.13,7.69
2844,2023-07-03 20:46:30,201.32,10.62
2844,2023-07-03 20:46:34,198.7,12.43
2844,2023-07-03 20:46:36,194.99,12.68
2844,2023-07-03 20:46:42,199.38,7.53
2844,2023-07-03 20:46:46,198.25,6.36
2844,2023-07-03 20:46:55,196.39,9.57
2844,2023-07-03 20:47:03,195.24,10.82
2844,2023-07-03 20:47:05,199.54,9.94
2844,2023-07-03 20:47:05,202.54,9.12
2844,2023-07-03 20:47:10,202.88,10.01
2844,2023-07-03 20:47:10,204.64,11.89
2844,2023-07-03 20:47:17,207.62,11.57
2844,2023-07-03 20:47:23,204.57,10.06
2844,2023-07-03 20:47:26,205.05,11.66
2844,2023-07-03 20:47:35,204.2,7.69
2844,2023-07-03 20:47:42,202.21,8.61
2844,2023-07-03 20:47:46,199.89,10.88
2844,2023-07-03 20:47:54,203.29,5.85
2844,2023-07-03 20:47:58,201.58,10.55
2844,2023-07-03 20:47:59,199.83,9.82
2844,2023-07-03 20:48:05,199.1,10.5
2844,2023-07-03 20:48:09,197.02,9.67
2844,2023-07-03 20:48:15,196.18,11.8
2844,2023-07-03 20:48:15,195.5,15.03
2844,2023-07-03 20:48:21,193.76,8.42
2844,2023-07-03 20:48:23,193.03,9.75
2844,2023-07-03 20:48:25,191.87,8.27
2844,2023-07-03 20:48:31,197.37,9.13
2844,2023-07-03 20:48:32,195.15,9.01
2844,2023-07-03 20:48:37,196.28,10.09
2844,2023-07-03 20:48:41,197.44,8.63
2844,2023-07-03 20:48:44,198.86,10
2844,2023-07-03 20:48:45,201.12,15.87
2844,2023-07-03 20:48:45,204.04,10.46
2844,2023-07-03 20:48:48,200.92,12.45
2844,2023-07-03 20:48:52,202.2,10.74
2844,2023-07-03 20:49:01,201.62,8.3
2844,2023-07-03 20:49:06,200.42,10.11
2844,2023-07-03 20:49:14,197.94,8.12
2844,2023-07-03 20:49:22,196.18,7.97
2844,2023-07-03 20:49:26,197.35,9.67
2844,2023-07-03 20:49:26,197.41,8.04
2844,2023-07-03 20:49:35,199.77,11.6
2844,2023-07-03 20:49:40,198.58,8.57
2844,2023-07-03 20:49:40,198.71,8.36
2844,2023-07-03 20:49:41,199.2,11.47
2844,2023-07-03 20:49:49,198.5,10.63
2844,2023-07-03 20:49:54,197.31,9.93
2844,2023-07-03 20:49:56,195.99,7.64
2844,2023-07-03 20:49:59,195.61,9.59
2844,2023-07-03 20:49:59,193.86,11.29
2844,2023-07-03 20:50:05,194.71,12.72
2844,2023-07-03 20:50:06,197.99,10.83
2844,2023-07-03 20:50:15,194.65,8.94
2844,2023-07-03 20:50:20,197.03,10.94
2844,2023-07-03 20:50:28,199.02,8.62
2844,2023-07-03 20:50:29,199.28,8.31
2844,2023-07-03 20:50:36,198.82,8.71
2844,2023-07-03 20:50:38,201.38,10.27
2844,2023-07-03 20:50:41,201.33,10.74
2844,2023-07-03 20:50:41,202.57,9.25
2844,2023-07-03 20:50:46,203.94,10.99
2844,2023-07-03 20:50:53,202.13,10.02
2844,2023-07-03 20:51:02,203.9,7.58
2844,2023-07-03 20:51:03,207.01,10.09
2844,2023-07-03 20:51:06,209.86,8.24
2844,2023-07-03 20:51:08,208.07,10.77
2844,2023-07-03 20:51:16,206.06,12.55
2844,2023-07-03 20:51:17,207.43,8.09
2844,2023-07-03 20:51:21,206.58,10.41
2844,2023-07-03 20:51:29,208.46,10.37
2844,2023-07-03 20:51:38,207.38,6.62
2844,2023-07-03 20:51:46,207.74,10.21
2844,2023-07-03 20:51:49,206.48,13.08
2844,2023-07-03 20:51:53,210.3,12.28
2844,2023-07-03 20:52:00,211.29,10.86
2844,2023-07-03 20:52:06,211,8.25
2844,2023-07-03 20:52:11,208.36,12.88
2844,2023-07-03 20:52:20,205.75,8.98
2844,2023-07-03 20:52:27,206.61,8.86
2844,2023-07-03 20:52:28,207.92,7.97
2844,2023-07-03 20:52:29,207.61,7.81
2844,2023-07-03 20:52:32,206.65,10.42
2844,2023-07-03 20:52:32,207.81,12.63
2844,2023-07-03 20:52:35,207.87,8.88
2844,2023-07-03 20:52:35,211.01,8.97
2844,2023-07-03 20:52:37,211.13,10.19
2844,2023-07-03 20:52:37,211.74,9.55
2844,2023-07-03 20:52:42,210.77,13.08
2844,2023-07-03 20:52:49,210.74,11.75
2844,2023-07-03 20:52:55,212.98,10.63
2844,2023-07-03 20:53:03,212.21,12.23
2844,2023-07-03 20:53:07,210.84,13.23
2844,2023-07-03 20:53:11,208.75,10.8
2844,2023-07-03 20:53:19,208.87,8.7
2844,2023-07-03 20:53:25,206.57,9.78
2844,2023-07-03 20:53:34,209.94,10.94
2844,2023-07-03 20:53:39,206.93,8.24
2844,2023-07-03 20:53:47,206.59,11.47
2844,2023-07-03 20:53:56,207.43,12.52
2844,2023-07-03 20:54:03,205.25,11.82
2844,2023-07-03 20:54:09,203.77,9.89
2844,2023-07-03 20:54:14,203.13,11.25
2844,2023-07-03 20:54:17,204.23,7.11
2844,2023-07-03 20:54:26,202.03,10.76
2844,2023-07-03 20:54:32,199.11,11.49
2844,2023-07-03 20:54:33,201,8.32
2844,2023-07-03 20:54:42,200.56,8.47
2844,2023-07-03 20:54:43,202.28,11.87
2844,2023-07-03 20:54:48,200.45,13.29
2844,2023-07-03 20:54:57,202.3,8.59
2844,2023-07-03 20:55:05,200.39,8.28
2844,2023-07-03 20:55:13,201.79,11.16
2844,2023-07-03 20:55:21,203.28,9.16
2844,2023-07-03 20:55:28,203.78,10.14
2844,2023-07-03 20:55:28,205.91,9.15
2844,2023-07-03 20:55:36,205.02,8.25
2844,2023-07-03 20:55:39,209.34,11.51
2844,2023-07-03 20:55:47,210.57,10.84
2844,2023-07-03 20:55:52,211.56,13.12
2844,2023-07-03 20:55:54,211.54,11.89
2844,2023-07-03 20:56:03,213.57,12.06
2844,2023-07-03 20:56:12,213.71,8.19
2844,2023-07-03 20:56:13,217.7,10.02
2844,2023-07-03 20:56:20,218.47,15
2844,2023-07-03 20:56:28,218.39,6.19
2844,2023-07-03 20:56:35,217.55,7.58
2844,2023-07-03 20:56:42,213.52,9.41
2844,2023-07-03 20:56:50,211.67,12.52
2844,2023-07-03 20:56:53,210.29,14.38
2844,2023-07-03 20:56:55,211.09,10.51
2844,2023-07-03 20:56:57,210.23,9.88
2844,2023-07-03 20:57:01,211.12,11.29
2844,2023-07-03 20:57:03,210.94,8.84
2844,2023-07-03 20:57:03,211.36,7.26
2844,2023-07-03 20:57:05,211.05,10.95
2844,2023-07-03 20:57:10,209.6,10.9
2844,2023-07-03 20:57:18,208.7,9.18
2844,2023-07-03 20:57:26,209.69,8.37
2844,2023-07-03 20:57:28,210.5,8.2
2844,2023-07-03 20:57:35,211.25,11.48
2844,2023-07-03 20:57:39,212.8,8.73
2844,2023-07-03 20:57:41,213.38,12.67
2844,2023-07-03 20:57:48,214.02,13.2
2844,2023-07-03 20:57:55,213.61,15.83
2844,2023-07-03 20:57:55,213.51,9.35
2844,2023-07-03 20:57:58,216.52,12.26
2844,2023-07-03 20:58:01,218.39,8.54
2844,2023-07-03 20:58:05,218.41,8.24
2844,2023-07-03 20:58:14,218.47,7.63
2844,2023-07-03 20:58:19,218.6,13.12
2844,2023-07-03 20:58:25,215.18,8.78
2844,2023-07-03 20:58:25,218.39,11.07
2844,2023-07-03 20:58:30,217.37,8.2
2844,2023-07-03 20:58:36,220.06,14.62
2844,2023-07-03 20:58:45,219,9.71
2844,2023-07-03 20:58:47,218.81,11.12
2844,2023-07-03 20:58:54,217.08,11.37
2844,2023-07-03 20:58:54,214.83,9.84
2844,2023-07-03 20:58:58,212.6,7.08
2844,2023-07-03 20:59:04,210.13,11.35
2844,2023-07-03 20:59:09,208.53,7.15
2844,2023-07-03 20:59:09,211.29,9.07
2844,2023-07-03 20:59:09,209.23,9.86
2844,2023-07-03 20:59:17,207.59,11.99
2844,2023-07-03 20:59:22,211.56,9.4
2844,2023-07-03 20:59:23,209.3,9.53
2844,2023-07-03 20:59:24,206.13,11.54
2844,2023-07-03 20:59:26,206.57,11.84
2844,2023-07-03 20:59:30,207.28,10.18
2844,2023-07-03 20:59:37,209.56,10.55
2844,2023-07-03 20:59:42,211.83,8.84
2844,2023-07-03 20:59:50,209.63,11.16
2844,2023-07-03 20:59:52,208.7,7.14
2844,2023-07-03 21:00:00,205.57,9.31
2844,2023-07-03 21:00:07,202.37,8.35
2844,2023-07-03 21:00:10,203.17,12.08
2844,2023-07-03 21:00:11,201.37,7.52
2844,2023-07-03 21:00:19,201.82,10.29
2844,2023-07-03 21:00:19,198.06,9.89
2844,2023-07-03 21:00:25,197.85,14.3
2844,2023-07-03 21:00:34,198.71,10.03
2844,2023-07-03 21:00:40,200.71,10.19
2844,2023-07-03 21:00:48,197.97,8.66
2844,2023-07-03 21:00:52,198.13,15.21
2844,2023-07-03 21:00:53,196.51,6.8
2844,2023-07-03 21:00:58,196.42,8.79
2844,2023-07-03 21:01:04,198.27,8.68
2844,2023-07-03 21:01:10,197.43,9.31
2844,2023-07-03 21:01:15,196.83,5.5
2844,2023-07-03 21:01:23,197.06,12.08
2844,2023-07-03 21:01:28,194.38,10.1
2844,2023-07-03 21:01:37,198.07,6.6
2844,2023-07-03 21:01:43,197.68,11.7
2844,2023-07-03 21:01:51,197.58,9.42
2844,2023-07-03 21:01:51,195.82,10.52
2844,2023-07-03 21:01:52,197.9,9.51
2844,2023-07-03 21:01:55,197.6,7.7
2844,2023-07-03 21:02:04,198.59,13.3
2844,2023-07-03 21:02:04,196.93,7.72
2844,2023-07-03 21:02:09,195.7,9.24
2844,2023-07-03 21:02:12,195.81,13.31
2844,2023-07-03 21:02:15,197.7,6.52
2844,2023-07-03 21:02:16,199.04,10.84
2844,2023-07-03 21:02:25,198.84,10.3
2844,2023-07-03 21:02:31,197.97,7.84
2844,2023-07-03 21:02:32,198.22,9.9
2844,2023-07-03 21:02:36,197.96,6.21
2844,2023-07-03 21:02:39,198.65,10.73
2844,2023-07-03 21:02:48,199.6,10.92
2844,2023-07-03 21:02:49,199.87,7.55
2844,2023-07-03 21:02:58,199.99,7.71
2844,2023-07-03 21:03:06,197.95,11.28
2844,2023-07-03 21:03:09,202.08,10.09
2844,2023-07-03 21:03:12,201.32,9.86
2844,2023-07-03 21:03:15,201.3,11.13
2844,2023-07-03 21:03:15,202.54,11.58
2844,2023-07-03 21:03:22,203.58,9.47
2844,2023-07-03 21:03:28,204.48,10.04
2844,2023-07-03 21:03:29,207.63,10.94
2844,2023-07-03 21:03:35,208.93,9.19
2844,2023-07-03 21:03:39,207.74,8.68
2844,2023-07-03 21:03:47,209.86,13.01
2844,2023-07-03 21:03:56,207.67,11.91
2844,2023-07-03 21:04:04,206.99,10.11
2844,2023-07-03 21:04:05,205.76,9.54
2844,2023-07-03 21:04:12,205.43,6.39
2844,2023-07-03 21:04:15,207.2,10.26
2844,2023-07-03 21:04:21,206.25,6.72
2844,2023-07-03 21:04:30,203.81,12.23
2844,2023-07-03 21:04:38,202.62,10.65
2844,2023-07-03 21:04:38,200.36,9.92
2844,2023-07-03 21:04:43,201.04,10.19
2844,2023-07-03 21:04:46,203.43,7.9
2844,2023-07-03 21:04:53,202.93,6.87
2844,2023-07-03 21:05:01,205.4,8.33
2844,2023-07-03 21:05:01,208.08,10.25
2844,2023-07-03 21:05:10,205.9,4.93
2844,2023-07-03 21:05:13,205.2,12.99
2844,2023-07-03 21:05:20,205.24,7.98
2844,2023-07-03 21:05:20,207.08,9.27
2844,2023-07-03 21:05:28,204.94,10.19
2844,2023-07-03 21:05:33,203.76,9.75
2844,2023-07-03 21:05:38,203.1,8.47
2844,2023-07-03 21:05:43,204.21,12.37
2844,2023-07-03 21:05:47,206.68,6.24
2844,2023-07-03 21:05:53,209.24,10.25
2844,2023-07-03 21:05:59,203.94,6.16
2844,2023-07-03 21:06:06,204.92,13.76
2844,2023-07-03 21:06:09,204.82,10.35
2844,2023-07-03 21:06:15,204.34,11.08
2844,2023-07-03 21:06:16,205.4,14.17
2844,2023-07-03 21:06:23,204.89,10.7
2844,2023-07-03 21:06:29,207.4,8.61
2844,2023-07-03 21:06:31,205.33,10.03
2844,2023-07-03 21:06:34,205.24,9.59
2844,2023-07-03 21:06:37,208.24,11.08
2844,2023-07-03 21:06:46,210.47,8.02
2844,2023-07-03 21:06:51,210.36,11.88
2844,2023-07-03 21:06:55,210.79,10.4
2844,2023-07-03 21:07:01,209.65,8.17
2844,2023-07-03 21:07:08,210.15,10.66
2844,2023-07-03 21:07:17,209.2,13.76
2844,2023-07-03 21:07:26,212.48,9.02
2844,2023-07-03 21:07:33,214.37,9.33
2844,2023-07-03 21:07:38,212.1,11.89
2844,2023-07-03 21:07:43,209.7,10.94
2844,2023-07-03 21:07:52,207.05,10.79
2844,2023-07-03 21:07:57,203.07,11.88
2844,2023-07-03 21:07:58,204.3,10.59
2844,2023-07-03 21:08:01,204.78,8.52
2844,2023-07-03 21:08:08,205.85,10.04
2844,2023-07-03 21:08:15,206.22,11.79
2844,2023-07-03 21:08:23,206.1,8.47
2844,2023-07-03 21:08:31,210.03,9.43
2844,2023-07-03 21:08:35,211.2,7.96
2844,2023-07-03 21:08:41,208.51,9.91
2844,2023-07-03 21:08:45,209.58,13.47
2844,2023-07-03 21:08:50,209.9,8.18
2844,2023-07-03 21:08:56,209.59,7.71
2844,2023-07-03 21:09:03,210.35,8.35
2844,2023-07-03 21:09:06,212.31,4.61
2844,2023-07-03 21:09:14,210.04,7.69
2844,2023-07-03 21:09:20,211.68,11.93
2844,2023-07-03 21:09:21,217.12,6.35
2844,2023-07-03 21:09:25,217.37,8.96
2844,2023-07-03 21:09:28,219.62,13.02
2844,2023-07-03 21:09:35,218.61,8.87
2844,2023-07-03 21:09:40,219.4,6.92
2844,2023-07-03 21:09:43,217.83,10.54
2844,2023-07-03 21:09:49,219,10.77
2844,2023-07-03 21:09:54,219.02,12.87
2844,2023-07-03 21:09:56,219.05,8.94
2844,2023-07-03 21:09:57,220.04,9.2
2844,2023-07-03 21:09:59,218.88,10.29
2844,2023-07-03 21:10:06,217.53,6.88
2844,2023-07-03 21:10:12,215.86,10.73
2844,2023-07-03 21:10:15,216.35,10.57
2844,2023-07-03 21:10:20,217.4,8.77
2844,2023-07-03 21:10:29,221.51,10.01
2844,2023-07-03 21:10:37,224.02,13.01
2844,2023-07-03 21:10:45,221.97,9.7
2844,2023-07-03 21:10:45,216.4,7.43
2844,2023-07-03 21:10:48,217.29,12.11
2844,2023-07-03 21:10:50,217.93,9.55
2844,2023-07-03 21:10:58,216.53,9.63
2844,2023-07-03 21:10:59,215.58,7.5
2844,2023-07-03 21:11:03,215.15,11.02
2844,2023-07-03 21:11:09,214.2,14.22
2844,2023-07-03 21:11:12,217.81,9.33
2844,2023-07-03 21:11:18,221.5,7.75
2844,2023-07-03 21:11:19,217.78,7.48
2844,2023-07-03 21:11:23,217.92,10.7
2844,2023-07-03 21:11:26,217.18,9.72
2844,2023-07-03 21:11:29,219.46,10.86
2844,2023-07-03 21:11:37,216.44,6.79
2844,2023-07-03 21:11:45,214.56,13.38
2844,2023-07-03 21:11:49,215.99,8.46
2844,2023-07-03 21:11:56,212.73,5.92
2844,2023-07-03 21:11:57,211.3,12.72
2844,2023-07-03 21:12:05,208.52,12.3
2844,2023-07-03 21:12:08,208.56,10.39
2844,2023-07-03 21:12:17,210.82,10.76
2844,2023-07-03 21:12:20,210.96,9.58
2844,2023-07-03 21:12:27,204.39,8.55
2844,2023-07-03 21:12:36,207.46,12.5
2844,2023-07-03 21:12:40,210.3,9.93
2844,2023-07-03 21:12:45,211.2,11.18
2844,2023-07-03 21:12:50,212.37,9.48
2844,2023-07-03 21:12:53,214.74,6.66
2844,2023-07-03 21:12:58,213.01,7.72
2844,2023-07-03 21:13:02,214.67,10.54
2844,2023-07-03 21:13:04,215.96,7.36
2844,2023-07-03 21:13:11,213.92,9.28
2844,2023-07-03 21:13:16,213.03,11.82
2844,2023-07-03 21:13:24,214.51,7.82
2844,2023-07-03 21:13:31,214.23,8.85
2844,2023-07-03 21:13:37,213.96,8.77
2844,2023-07-03 21:13:46,212.94,10.62
2844,2023-07-03 21:13:55,211.9,6.3
2844,2023-07-03 21:14:02,211.74,9.25
2844,2023-07-03 21:14:06,211.38,8.54
2844,2023-07-03 21:14:12,211.3,11.79
2844,2023-07-03 21:14:18,212.92,9
2844,2023-07-03 21:14:19,214.84,11.24
2844,2023-07-03 21:14:25,215.61,7.42
2844,2023-07-03 21:14:28,213.61,11.2
2844,2023-07-03 21:14:28,217.54,7.21
2844,2023-07-03 21:14:34,220.07,12.99
2844,2023-07-03 21:14:36,216.63,11.49
2844,2023-07-03 21:14:41,217.08,4.82
2844,2023-07-03 21:14:43,216.82,12.23
2844,2023-07-03 21:14:44,214.97,8.49
2844,2023-07-03 21:14:45,214.75,13.67
2844,2023-07-03 21:14:52,212.1,11.79
2844,2023-07-03 21:15:01,210.89,8.72
2844,2023-07-03 21:15:03,210.5,13.43
2844,2023-07-03 21:15:07,210.45,12.42
2844,2023-07-03 21:15:07,209.17,10.48
2844,2023-07-03 21:15:15,211.97,12.45
2844,2023-07-03 21:15:16,209.98,8.39
2844,2023-07-03 21:15:20,210.04,11.63
2844,2023-07-03 21:15:25,209.92,12.64
2844,2023-07-03 21:15:33,210.38,8.65
2844,2023-07-03 21:15:34,213.97,12.68
2844,2023-07-03 21:15:42,213.6,10.82
2844,2023-07-03 21:15:47,213.17,10.27
2844,2023-07-03 21:15:56,213.52,9.24
2844,2023-07-03 21:16:02,209.37,6.11
2844,2023-07-03 21:16:04,207.52,11.39
2844,2023-07-03 21:16:07,206.43,8.45
2844,2023-07-03 21:16:09,204.35,12.86
2844,2023-07-03 21:16:17,202.03,10.43
2844,2023-07-03 21:16:26,202.58,11.37
2844,2023-07-03 21:16:28,201.59,9.49
2844,2023-07-03 21:16:29,200.82,11.81
2844,2023-07-03 21:16:29,202.29,10.85
2844,2023-07-03 21:16:29,199.85,9.1
2844,2023-07-03 21:16:32,201.22,12.62
2844,2023-07-03 21:16:36,201.31,11.36
2844,2023-07-03 21:16:41,201.9,12.57
2844,2023-07-03 21:16:43,200.7,8.79
2844,2023-07-03 21:16:47,200.45,10.78
2844,2023-07-03 21:16:47,202.68,8.9
2844,2023-07-03 21:16:48,200.8,7.58
2844,2023-07-03 21:16:50,197.74,8.48
2844,2023-07-03 21:16:50,199.8,8.68
2844,2023-07-03 21:16:58,199.2,6.52
2844,2023-07-03 21:17:06,201.83,11.54
2844,2023-07-03 21:17:14,201.71,10.41
2844,2023-07-03 21:17:18,202.7,6.05
2844,2023-07-03 21:17:26,203.15,9.54
2844,2023-07-03 21:17:28,203.21,14.35
2844,2023-07-03 21:17:30,204.04,15.79
2844,2023-07-03 21:17:34,200.15,9.34
2844,2023-07-03 21:17:41,199.22,7.07
2844,2023-07-03 21:17:46,199.92,6.41
2844,2023-07-03 21:17:50,199.43,12.09
2844,2023-07-03 21:17:56,201.18,11.07
2844,2023-07-03 21:18:05,203.58,12.11
2844,2023-07-03 21:18:13,198.99,9.25
2844,2023-07-03 21:18:21,198.46,10.48
2844,2023-07-03 21:18:23,198.28,9.38
2844,2023-07-03 21:18:27,198.83,11.24
2844,2023-07-03 21:18:36,198.04,5.09
2844,2023-07-03 21:18:40,195.36,9.51
2844,2023-07-03 21:18:41,193.16,10.71
2844,2023-07-03 21:18:46,195.64,11.76
2844,2023-07-03 21:18:48,196.24,9.4
2844,2023-07-03 21:18:53,191.91,7.89
2844,2023-07-03 21:18:59,187.05,11.21
2844,2023-07-03 21:19:08,183.87,15.4
2844,2023-07-03 21:19:13,184.22,9.41
2844,2023-07-03 21:19:14,186.68,13.32
2844,2023-07-03 21:19:20,186.6,11.7
2844,2023-07-03 21:19:28,185.61,9.25
2844,2023-07-03 21:19:36,183.64,10.64
2844,2023-07-03 21:19:43,183.69,12.85
2844,2023-07-03 21:19:43,181.62,8.58
2844,2023-07-03 21:19:52,182.64,7.18
2844,2023-07-03 21:19:58,181.63,7.82
2844,2023-07-03 21:20:05,180.69,9.73
2844,2023-07-03 21:20:09,180.75,7.75
2844,2023-07-03 21:20:17,178.44,11.19
2844,2023-07-03 21:20:22,178.14,8.29
2844,2023-07-03 21:20:23,178.96,7.5
2844,2023-07-03 21:20:31,177.5,15.33
2844,2023-07-03 21:20:33,174.91,10.35
2844,2023-07-03 21:20:33,173.64,12.56
2844,2023-07-03 21:20:42,174.97,10.01
2844,2023-07-03 21:20:43,173.73,12.65
2844,2023-07-03 21:20:47,173.7,9.66
2844,2023-07-03 21:20:47,174.84,10.45
2844,2023-07-03 21:20:48,175.96,5.12
2844,2023-07-03 21:20:49,176.79,10.91
2844,2023-07-03 21:20:56,175.88,11.13
2844,2023-07-03 21:21:00,176.08,8.65
2844,2023-07-03 21:21:09,175.86,8.59
2844,2023-07-03 21:21:17,177.33,7.54
2844,2023-07-03 21:21:26,176.81,10.26
2844,2023-07-03 21:21:28,178.87,14.09
2844,2023-07-03 21:21:31,179.17,9.75
2844,2023-07-03 21:21:39,174.25,10.72
2844,2023-07-03 21:21:43,174.5,8.83
2844,2023-07-03 21:21:44,178.09,12.54
2844,2023-07-03 21:21:51,176.56,9.68
2844,2023-07-03 21:21:53,177.86,8.45
2844,2023-07-03 21:21:58,178.58,8.23
2844,2023-07-03 21:22:07,179.06,12.77
2844,2023-07-03 21:22:09,179.16,8.53
2844,2023-07-03 21:22:18,180.48,11.03
2844,2023-07-03 21:22:27,177.89,12.74
2844,2023-07-03 21:22:31,179.35,9.75
2844,2023-07-03 21:22:31,181.69,9.92
2844,2023-07-03 21:22:39,181.79,9.55
2844,2023-07-03 21:22:48,179.83,11.37
2844,2023-07-03 21:22:55,180.53,9.32
2844,2023-07-03 21:22:56,179,7.86
2844,2023-07-03 21:23:00,182.66,12.77
2844,2023-07-03 21:23:00,182.02,10.44
2844,2023-07-03 21:23:01,183.42,9.43
2844,2023-07-03 21:23:03,182.61,9.37
2844,2023-07-03 21:23:07,177.89,11.25
2844,2023-07-03 21:23:11,177.89,12.08
2844,2023-07-03 21:23:16,178.91,10.87
2844,2023-07-03 21:23:24,180.03,5.39
2844,2023-07-03 21:23:26,181.73,9.24
2844,2023-07-03 21:23:35,180.37,13
2844,2023-07-03 21:23:40,179.58,9.61
2844,2023-07-03 21:23:45,181.71,14.58
2844,2023-07-03 21:23:47,181.44,9.61
2844,2023-07-03 21:23:56,182.13,9.81
2844,2023-07-03 21:24:05,180.28,10.07
2844,2023-07-03 21:24:07,180.27,5.08
2844,2023-07-03 21:24:12,177.38,10.9
2844,2023-07-03 21:24:15,176.81,7.2
2844,2023-07-03 21:24:18,175.19,14.18
2844,2023-07-03 21:24:26,174.4,10.57
2844,2023-07-03 21:24:33,173.8,11.24
2844,2023-07-03 21:24:36,175.07,5.88
2844,2023-07-03 21:24:40,174.97,9.37
2844,2023-07-03 21:24:40,178.08,9.74
2844,2023-07-03 21:24:46,179.55,10.82
2844,2023-07-03 21:24:52,178.82,7.39
2844,2023-07-03 21:24:53,179.87,12.77
2844,2023-07-03 21:24:55,179.78,6.94
2844,2023-07-03 21:24:57,180.55,9
2844,2023-07-03 21:25:00,180.59,10.41
2844,2023-07-03 21:25:06,180.78,9.56
2844,2023-07-03 21:25:12,181.38,10.96
2844,2023-07-03 21:25:18,180.54,10.6
2844,2023-07-03 21:25:19,180.79,10.75
2844,2023-07-03 21:25:21,178.77,9.21
2844,2023-07-03 21:25:26,177.96,8.72
2844,2023-07-03 21:25:35,179.55,13.16
2844,2023-07-03 21:25:40,179.49,8.32
2844,2023-07-03 21:25:46,180.56,12.14
2844,2023-07-03 21:25:46,181.5,9.17
2844,2023-07-03 21:25:46,181.98,11.8
2844,2023-07-03 21:25:53,180.88,8.61
2844,2023-07-03 21:25:56,183.05,8.87
2844,2023-07-03 21:25:58,182.79,10.23
2844,2023-07-03 21:26:01,178.95,8.49
2844,2023-07-03 21:26:08,178.81,9.45
2844,2023-07-03 21:26:15,176.93,11.64
2844,2023-07-03 21:26:16,176.79,10.26
2844,2023-07-03 21:26:23,177.95,7.89
2844,2023-07-03 21:26:24,178.99,9.8
2844,2023-07-03 21:26:30,182.34,6.65
2844,2023-07-03 21:26:32,180.89,9.48
2844,2023-07-03 21:26:33,181.12,8.39
2844,2023-07-03 21:26:42,181.22,8.59
2844,2023-07-03 21:26:44,181.86,8.46
2844,2023-07-03 21:26:50,183.42,11.19
2844,2023-07-03 21:26:54,185.4,9.32
2844,2023-07-03 21:26:56,183.54,7.68
2844,2023-07-03 21:27:03,181.5,12.65
2844,2023-07-03 21:27:10,181.75,8.18
2844,2023-07-03 21:27:12,182.15,11.78
2844,2023-07-03 21:27:21,181.73,9.84
